I,II,III,aVR,aVL,aVF,V1,V2,V3,V4,V5,V6
-0.106,-0.163,-0.057,,,,,,,,,
-0.104,-0.139,-0.034,,,,,,,,,
-0.104,-0.147,-0.042,,,,,,,,,
-0.105,-0.143,-0.037,,,,,,,,,
-0.109,-0.146,-0.036,,,,,,,,,
-0.11,-0.143,-0.033,,,,,,,,,
-0.109,-0.145,-0.036,,,,,,,,,
-0.112,-0.144,-0.032,,,,,,,,,
-0.114,-0.145,-0.03,,,,,,,,,
-0.115,-0.145,-0.029,,,,,,,,,
-0.098,-0.128,-0.029,,,,,,,,,
-0.072,-0.096,-0.024,,,,,,,,,
-0.048,-0.073,-0.025,,,,,,,,,
-0.032,-0.056,-0.025,,,,,,,,,
-0.023,-0.046,-0.023,,,,,,,,,
-0.009,-0.029,-0.019,,,,,,,,,
-0.01,-0.027,-0.018,,,,,,,,,
-0.028,-0.042,-0.014,,,,,,,,,
-0.011,-0.027,-0.015,,,,,,,,,
-0.006,-0.016,-0.009,,,,,,,,,
0.009,0.0,-0.009,,,,,,,,,
0.011,0.007,-0.004,,,,,,,,,
0.018,0.012,-0.006,,,,,,,,,
0.016,0.015,0.0,,,,,,,,,
0.02,0.021,0.0,,,,,,,,,
0.006,0.006,0.0,,,,,,,,,
-0.007,-0.013,-0.006,,,,,,,,,
-0.025,-0.033,-0.008,,,,,,,,,
-0.039,-0.053,-0.014,,,,,,,,,
-0.062,-0.076,-0.014,,,,,,,,,
-0.053,-0.073,-0.019,,,,,,,,,
-0.056,-0.078,-0.021,,,,,,,,,
-0.051,-0.08,-0.028,,,,,,,,,
-0.073,-0.1,-0.027,,,,,,,,,
-0.101,-0.144,-0.042,,,,,,,,,
-0.084,-0.145,-0.059,,,,,,,,,
-0.091,-0.142,-0.05,,,,,,,,,
-0.076,-0.14,-0.064,,,,,,,,,
-0.099,-0.177,-0.078,,,,,,,,,
-0.084,-0.158,-0.074,,,,,,,,,
-0.087,-0.158,-0.071,,,,,,,,,
-0.074,-0.144,-0.069,,,,,,,,,
-0.095,-0.164,-0.068,,,,,,,,,
-0.124,-0.189,-0.064,,,,,,,,,
-0.12,-0.184,-0.064,,,,,,,,,
-0.126,-0.184,-0.058,,,,,,,,,
-0.117,-0.179,-0.061,,,,,,,,,
-0.126,-0.18,-0.054,,,,,,,,,
-0.122,-0.179,-0.057,,,,,,,,,
-0.125,-0.174,-0.049,,,,,,,,,
-0.134,-0.174,-0.041,,,,,,,,,
-0.151,-0.175,-0.022,,,,,,,,,
-0.124,-0.159,-0.035,,,,,,,,,
-0.034,-0.125,-0.09,,,,,,,,,
0.045,-0.063,-0.109,,,,,,,,,
0.142,0.029,-0.112,,,,,,,,,
0.233,0.176,-0.056,,,,,,,,,
0.298,0.328,0.029,,,,,,,,,
0.355,0.52,0.164,,,,,,,,,
0.292,0.591,0.299,,,,,,,,,
0.256,0.556,0.3,,,,,,,,,
0.153,0.44,0.287,,,,,,,,,
0.012,0.285,0.272,,,,,,,,,
-0.084,0.175,0.259,,,,,,,,,
-0.133,0.074,0.207,,,,,,,,,
-0.096,0.044,0.14,,,,,,,,,
-0.088,-0.011,0.077,,,,,,,,,
-0.084,-0.056,0.028,,,,,,,,,
-0.104,-0.102,0.002,,,,,,,,,
-0.075,-0.096,-0.02,,,,,,,,,
-0.088,-0.126,-0.039,,,,,,,,,
-0.063,-0.119,-0.055,,,,,,,,,
-0.077,-0.133,-0.054,,,,,,,,,
-0.101,-0.156,-0.055,,,,,,,,,
-0.097,-0.151,-0.054,,,,,,,,,
-0.098,-0.164,-0.066,,,,,,,,,
-0.091,-0.156,-0.065,,,,,,,,,
-0.07,-0.135,-0.064,,,,,,,,,
-0.084,-0.149,-0.065,,,,,,,,,
-0.124,-0.188,-0.064,,,,,,,,,
-0.117,-0.183,-0.065,,,,,,,,,
-0.115,-0.179,-0.064,,,,,,,,,
-0.11,-0.175,-0.065,,,,,,,,,
-0.107,-0.171,-0.064,,,,,,,,,
-0.102,-0.167,-0.065,,,,,,,,,
-0.099,-0.163,-0.064,,,,,,,,,
-0.094,-0.159,-0.065,,,,,,,,,
-0.091,-0.155,-0.064,,,,,,,,,
-0.085,-0.151,-0.065,,,,,,,,,
-0.086,-0.149,-0.062,,,,,,,,,
-0.087,-0.146,-0.059,,,,,,,,,
-0.084,-0.144,-0.06,,,,,,,,,
-0.081,-0.141,-0.06,,,,,,,,,
-0.078,-0.138,-0.059,,,,,,,,,
-0.081,-0.135,-0.054,,,,,,,,,
-0.078,-0.133,-0.055,,,,,,,,,
-0.075,-0.13,-0.054,,,,,,,,,
-0.072,-0.127,-0.055,,,,,,,,,
-0.073,-0.125,-0.051,,,,,,,,,
-0.073,-0.122,-0.049,,,,,,,,,
-0.065,-0.115,-0.05,,,,,,,,,
-0.056,-0.106,-0.049,,,,,,,,,
-0.049,-0.099,-0.05,,,,,,,,,
-0.039,-0.087,-0.047,,,,,,,,,
-0.035,-0.078,-0.042,,,,,,,,,
-0.03,-0.069,-0.039,,,,,,,,,
-0.024,-0.062,-0.038,,,,,,,,,
-0.016,-0.049,-0.032,,,,,,,,,
-0.007,-0.038,-0.03,,,,,,,,,
0.003,-0.024,-0.028,,,,,,,,,
0.008,-0.015,-0.023,,,,,,,,,
0.011,-0.008,-0.02,,,,,,,,,
0.011,-0.006,-0.018,,,,,,,,,
0.014,0.0,-0.015,,,,,,,,,
0.014,0.0,-0.013,,,,,,,,,
0.017,0.007,-0.009,,,,,,,,,
0.015,0.008,-0.007,,,,,,,,,
0.027,0.023,-0.003,,,,,,,,,
0.035,0.033,-0.002,,,,,,,,,
0.064,0.065,0.001,,,,,,,,,
0.089,0.089,0.0,,,,,,,,,
0.068,0.077,0.009,,,,,,,,,
0.067,0.077,0.01,,,,,,,,,
0.049,0.069,0.019,,,,,,,,,
0.047,0.065,0.017,,,,,,,,,
0.047,0.061,0.014,,,,,,,,,
0.042,0.052,0.009,,,,,,,,,
0.024,0.03,0.006,,,,,,,,,
0.01,0.011,0.0,,,,,,,,,
-0.008,-0.009,0.0,,,,,,,,,
-0.021,-0.025,-0.004,,,,,,,,,
-0.033,-0.04,-0.007,,,,,,,,,
-0.044,-0.056,-0.012,,,,,,,,,
-0.037,-0.052,-0.015,,,,,,,,,
-0.068,-0.088,-0.02,,,,,,,,,
-0.103,-0.124,-0.02,,,,,,,,,
-0.091,-0.117,-0.025,,,,,,,,,
-0.096,-0.122,-0.025,,,,,,,,,
-0.086,-0.117,-0.031,,,,,,,,,
-0.094,-0.122,-0.028,,,,,,,,,
-0.066,-0.116,-0.05,,,,,,,,,
-0.08,-0.13,-0.05,,,,,,,,,
-0.096,-0.146,-0.05,,,,,,,,,
-0.096,-0.145,-0.049,,,,,,,,,
-0.125,-0.177,-0.05,,,,,,,,,
-0.129,-0.175,-0.045,,,,,,,,,
-0.126,-0.172,-0.045,,,,,,,,,
-0.125,-0.169,-0.043,,,,,,,,,
-0.12,-0.166,-0.046,,,,,,,,,
-0.123,-0.164,-0.041,,,,,,,,,
-0.09,-0.161,-0.071,,,,,,,,,
-0.081,-0.159,-0.077,,,,,,,,,
-0.083,-0.156,-0.072,,,,,,,,,
-0.084,-0.153,-0.07,,,,,,,,,
-0.08,-0.15,-0.069,,,,,,,,,
-0.083,-0.148,-0.065,,,,,,,,,
-0.079,-0.145,-0.065,,,,,,,,,
-0.081,-0.145,-0.063,,,,,,,,,
-0.081,-0.142,-0.06,,,,,,,,,
-0.08,-0.139,-0.058,,,,,,,,,
-0.086,-0.14,-0.054,,,,,,,,,
-0.081,-0.136,-0.055,,,,,,,,,
-0.084,-0.134,-0.05,,,,,,,,,
-0.084,-0.135,-0.05,,,,,,,,,
-0.086,-0.134,-0.048,,,,,,,,,
-0.087,-0.131,-0.044,,,,,,,,,
-0.083,-0.129,-0.045,,,,,,,,,
-0.087,-0.13,-0.043,,,,,,,,,
-0.086,-0.126,-0.039,,,,,,,,,
-0.084,-0.124,-0.039,,,,,,,,,
-0.084,-0.125,-0.04,,,,,,,,,
-0.087,-0.125,-0.037,,,,,,,,,
-0.086,-0.12,-0.034,,,,,,,,,
-0.083,-0.119,-0.035,,,,,,,,,
-0.087,-0.12,-0.033,,,,,,,,,
-0.09,-0.12,-0.029,,,,,,,,,
-0.086,-0.117,-0.03,,,,,,,,,
-0.084,-0.114,-0.029,,,,,,,,,
-0.082,-0.115,-0.033,,,,,,,,,
-0.079,-0.114,-0.035,,,,,,,,,
-0.079,-0.114,-0.034,,,,,,,,,
-0.071,-0.109,-0.037,,,,,,,,,
-0.07,-0.11,-0.04,,,,,,,,,
-0.069,-0.109,-0.039,,,,,,,,,
-0.07,-0.111,-0.04,,,,,,,,,
-0.068,-0.108,-0.039,,,,,,,,,
-0.065,-0.105,-0.04,,,,,,,,,
-0.063,-0.102,-0.039,,,,,,,,,
-0.081,-0.121,-0.04,,,,,,,,,
-0.087,-0.127,-0.039,,,,,,,,,
-0.083,-0.123,-0.04,,,,,,,,,
-0.086,-0.125,-0.039,,,,,,,,,
-0.084,-0.124,-0.04,,,,,,,,,
-0.082,-0.122,-0.039,,,,,,,,,
-0.078,-0.119,-0.04,,,,,,,,,
-0.081,-0.12,-0.039,,,,,,,,,
-0.078,-0.119,-0.04,,,,,,,,,
-0.079,-0.118,-0.039,,,,,,,,,
-0.072,-0.114,-0.041,,,,,,,,,
-0.079,-0.115,-0.036,,,,,,,,,
-0.055,-0.114,-0.058,,,,,,,,,
-0.054,-0.116,-0.061,,,,,,,,,
-0.054,-0.112,-0.058,,,,,,,,,
-0.056,-0.111,-0.054,,,,,,,,,
-0.052,-0.107,-0.055,,,,,,,,,
-0.067,-0.117,-0.05,,,,,,,,,
-0.099,-0.149,-0.05,,,,,,,,,
-0.093,-0.141,-0.047,,,,,,,,,
-0.094,-0.14,-0.045,,,,,,,,,
-0.091,-0.134,-0.042,,,,,,,,,
-0.095,-0.134,-0.039,,,,,,,,,
-0.089,-0.128,-0.039,,,,,,,,,
-0.09,-0.126,-0.036,,,,,,,,,
-0.087,-0.12,-0.033,,,,,,,,,
-0.077,-0.12,-0.043,,,,,,,,,
-0.062,-0.115,-0.053,,,,,,,,,
-0.066,-0.115,-0.048,,,,,,,,,
-0.066,-0.113,-0.047,,,,,,,,,
-0.066,-0.109,-0.043,,,,,,,,,
-0.068,-0.11,-0.04,,,,,,,,,
-0.071,-0.109,-0.038,,,,,,,,,
-0.068,-0.104,-0.035,,,,,,,,,
-0.072,-0.105,-0.032,,,,,,,,,
-0.071,-0.101,-0.03,,,,,,,,,
-0.071,-0.099,-0.027,,,,,,,,,
-0.075,-0.101,-0.024,,,,,,,,,
-0.071,-0.094,-0.022,,,,,,,,,
-0.059,-0.079,-0.019,,,,,,,,,
-0.047,-0.067,-0.019,,,,,,,,,
-0.037,-0.052,-0.014,,,,,,,,,
-0.034,-0.046,-0.011,,,,,,,,,
-0.037,-0.044,-0.006,,,,,,,,,
-0.037,-0.04,-0.003,,,,,,,,,
-0.04,-0.039,0.001,,,,,,,,,
-0.031,-0.026,0.004,,,,,,,,,
-0.022,-0.013,0.01,,,,,,,,,
-0.017,0.0,0.017,,,,,,,,,
-0.012,0.013,0.026,,,,,,,,,
-0.002,0.026,0.029,,,,,,,,,
0.026,0.043,0.017,,,,,,,,,
0.025,0.035,0.009,,,,,,,,,
0.017,0.019,0.002,,,,,,,,,
0.008,0.002,-0.006,,,,,,,,,
0.002,-0.011,-0.014,,,,,,,,,
0.009,-0.011,-0.021,,,,,,,,,
0.026,-0.004,-0.03,,,,,,,,,
0.022,-0.01,-0.033,,,,,,,,,
0.001,-0.026,-0.027,,,,,,,,,
-0.019,-0.044,-0.024,,,,,,,,,
-0.037,-0.057,-0.019,,,,,,,,,
-0.055,-0.08,-0.024,,,,,,,,,
-0.078,-0.114,-0.036,,,,,,,,,
-0.061,-0.114,-0.053,,,,,,,,,
-0.069,-0.117,-0.049,,,,,,,,,
-0.07,-0.121,-0.05,,,,,,,,,
-0.069,-0.117,-0.048,,,,,,,,,
-0.083,-0.129,-0.045,,,,,,,,,
-0.086,-0.131,-0.044,,,,,,,,,
-0.081,-0.127,-0.046,,,,,,,,,
-0.077,-0.12,-0.042,,,,,,,,,
-0.087,-0.127,-0.04,,,,,,,,,
-0.119,-0.159,-0.039,,,,,,,,,
-0.109,-0.148,-0.038,,,,,,,,,
-0.114,-0.148,-0.033,,,,,,,,,
-0.105,-0.141,-0.035,,,,,,,,,
-0.102,-0.136,-0.034,,,,,,,,,
-0.098,-0.131,-0.033,,,,,,,,,
-0.1,-0.127,-0.027,,,,,,,,,
-0.078,-0.112,-0.033,,,,,,,,,
-0.07,-0.096,-0.024,,,,,,,,,
0.01,-0.064,-0.075,,,,,,,,,
0.087,-0.002,-0.09,,,,,,,,,
0.147,0.086,-0.06,,,,,,,,,
0.245,0.206,-0.039,,,,,,,,,
0.343,0.394,0.05,,,,,,,,,
0.372,0.567,0.194,,,,,,,,,
0.32,0.634,0.313,,,,,,,,,
0.233,0.561,0.328,,,,,,,,,
0.145,0.448,0.303,,,,,,,,,
0.051,0.33,0.279,,,,,,,,,
-0.012,0.233,0.246,,,,,,,,,
-0.069,0.131,0.201,,,,,,,,,
-0.089,0.065,0.154,,,,,,,,,
-0.05,0.025,0.075,,,,,,,,,
-0.034,0.001,0.036,,,,,,,,,
-0.045,-0.039,0.005,,,,,,,,,
-0.041,-0.058,-0.016,,,,,,,,,
-0.06,-0.09,-0.03,,,,,,,,,
-0.052,-0.094,-0.042,,,,,,,,,
-0.023,-0.081,-0.057,,,,,,,,,
-0.073,-0.129,-0.056,,,,,,,,,
-0.068,-0.122,-0.054,,,,,,,,,
-0.07,-0.126,-0.055,,,,,,,,,
-0.069,-0.123,-0.054,,,,,,,,,
-0.064,-0.119,-0.055,,,,,,,,,
-0.066,-0.121,-0.054,,,,,,,,,
-0.06,-0.115,-0.055,,,,,,,,,
-0.064,-0.118,-0.054,,,,,,,,,
-0.094,-0.15,-0.055,,,,,,,,,
-0.062,-0.121,-0.059,,,,,,,,,
-0.038,-0.113,-0.075,,,,,,,,,
-0.015,-0.09,-0.075,,,,,,,,,
-0.022,-0.096,-0.074,,,,,,,,,
-0.017,-0.092,-0.075,,,,,,,,,
-0.022,-0.097,-0.074,,,,,,,,,
-0.021,-0.092,-0.071,,,,,,,,,
-0.051,-0.121,-0.069,,,,,,,,,
-0.055,-0.125,-0.07,,,,,,,,,
-0.046,-0.116,-0.07,,,,,,,,,
-0.044,-0.112,-0.068,,,,,,,,,
-0.042,-0.106,-0.064,,,,,,,,,
-0.035,-0.101,-0.065,,,,,,,,,
-0.031,-0.096,-0.064,,,,,,,,,
-0.022,-0.087,-0.065,,,,,,,,,
-0.014,-0.077,-0.062,,,,,,,,,
-0.01,-0.07,-0.059,,,,,,,,,
-0.001,-0.061,-0.06,,,,,,,,,
0.0,-0.055,-0.055,,,,,,,,,
0.003,-0.051,-0.055,,,,,,,,,
0.003,-0.049,-0.053,,,,,,,,,
0.001,-0.047,-0.049,,,,,,,,,
0.01,-0.04,-0.05,,,,,,,,,
0.007,-0.04,-0.048,,,,,,,,,
0.012,-0.032,-0.044,,,,,,,,,
0.022,-0.023,-0.045,,,,,,,,,
0.03,-0.01,-0.041,,,,,,,,,
0.037,-0.002,-0.039,,,,,,,,,
0.05,0.01,-0.04,,,,,,,,,
0.058,0.021,-0.036,,,,,,,,,
0.069,0.034,-0.034,,,,,,,,,
0.078,0.046,-0.031,,,,,,,,,
0.088,0.059,-0.029,,,,,,,,,
0.074,0.048,-0.026,,,,,,,,,
0.11,0.086,-0.023,,,,,,,,,
0.103,0.083,-0.02,,,,,,,,,
0.128,0.11,-0.018,,,,,,,,,
0.133,0.117,-0.015,,,,,,,,,
0.122,0.109,-0.013,,,,,,,,,
0.12,0.109,-0.01,,,,,,,,,
0.112,0.104,-0.008,,,,,,,,,
0.108,0.104,-0.004,,,,,,,,,
0.105,0.1,-0.004,,,,,,,,,
0.099,0.098,0.0,,,,,,,,,
0.094,0.094,0.0,,,,,,,,,
0.084,0.089,0.004,,,,,,,,,
0.063,0.069,0.006,,,,,,,,,
0.041,0.052,0.009,,,,,,,,,
0.021,0.031,0.01,,,,,,,,,
0.008,0.015,0.006,,,,,,,,,
-0.01,-0.007,0.002,,,,,,,,,
-0.023,-0.024,-0.001,,,,,,,,,
-0.042,-0.047,-0.004,,,,,,,,,
-0.044,-0.054,-0.01,,,,,,,,,
-0.044,-0.056,-0.011,,,,,,,,,
-0.033,-0.059,-0.025,,,,,,,,,
-0.015,-0.062,-0.046,,,,,,,,,
-0.019,-0.063,-0.043,,,,,,,,,
-0.027,-0.072,-0.045,,,,,,,,,
-0.063,-0.107,-0.044,,,,,,,,,
-0.059,-0.104,-0.045,,,,,,,,,
-0.06,-0.105,-0.044,,,,,,,,,
-0.059,-0.105,-0.045,,,,,,,,,
-0.056,-0.1,-0.044,,,,,,,,,
-0.054,-0.099,-0.045,,,,,,,,,
-0.055,-0.1,-0.044,,,,,,,,,
-0.053,-0.098,-0.045,,,,,,,,,
-0.05,-0.095,-0.044,,,,,,,,,
-0.049,-0.095,-0.045,,,,,,,,,
-0.05,-0.094,-0.044,,,,,,,,,
-0.049,-0.089,-0.039,,,,,,,,,
-0.05,-0.09,-0.039,,,,,,,,,
-0.049,-0.089,-0.04,,,,,,,,,
-0.051,-0.091,-0.039,,,,,,,,,
-0.055,-0.095,-0.04,,,,,,,,,
-0.054,-0.094,-0.04,,,,,,,,,
-0.055,-0.095,-0.039,,,,,,,,,
-0.06,-0.095,-0.034,,,,,,,,,
-0.059,-0.094,-0.035,,,,,,,,,
-0.06,-0.095,-0.034,,,,,,,,,
-0.059,-0.094,-0.035,,,,,,,,,
-0.06,-0.095,-0.035,,,,,,,,,
-0.059,-0.094,-0.034,,,,,,,,,
-0.058,-0.095,-0.036,,,,,,,,,
-0.054,-0.094,-0.04,,,,,,,,,
-0.055,-0.095,-0.039,,,,,,,,,
-0.053,-0.094,-0.04,,,,,,,,,
-0.056,-0.096,-0.039,,,,,,,,,
-0.051,-0.091,-0.04,,,,,,,,,
-0.063,-0.102,-0.039,,,,,,,,,
-0.066,-0.107,-0.04,,,,,,,,,
-0.06,-0.099,-0.039,,,,,,,,,
-0.06,-0.1,-0.04,,,,,,,,,
-0.055,-0.095,-0.039,,,,,,,,,
-0.051,-0.091,-0.04,,,,,,,,,
-0.049,-0.089,-0.039,,,,,,,,,
-0.046,-0.087,-0.04,,,,,,,,,
-0.044,-0.08,-0.036,,,,,,,,,
-0.045,-0.08,-0.034,,,,,,,,,
-0.041,-0.076,-0.035,,,,,,,,,
-0.04,-0.074,-0.034,,,,,,,,,
-0.036,-0.071,-0.035,,,,,,,,,
-0.034,-0.069,-0.034,,,,,,,,,
-0.035,-0.07,-0.035,,,,,,,,,
-0.031,-0.066,-0.034,,,,,,,,,
-0.029,-0.064,-0.034,,,,,,,,,
-0.03,-0.065,-0.035,,,,,,,,,
-0.029,-0.064,-0.034,,,,,,,,,
-0.025,-0.06,-0.035,,,,,,,,,
-0.024,-0.059,-0.034,,,,,,,,,
-0.025,-0.06,-0.034,,,,,,,,,
-0.024,-0.055,-0.03,,,,,,,,,
-0.025,-0.054,-0.029,,,,,,,,,
-0.024,-0.055,-0.03,,,,,,,,,
-0.024,-0.054,-0.029,,,,,,,,,
-0.019,-0.049,-0.03,,,,,,,,,
-0.02,-0.05,-0.029,,,,,,,,,
-0.019,-0.049,-0.03,,,,,,,,,
-0.024,-0.05,-0.025,,,,,,,,,
-0.024,-0.049,-0.024,,,,,,,,,
-0.025,-0.05,-0.024,,,,,,,,,
-0.023,-0.048,-0.025,,,,,,,,,
-0.02,-0.045,-0.024,,,,,,,,,
-0.019,-0.044,-0.025,,,,,,,,,
-0.02,-0.045,-0.024,,,,,,,,,
-0.025,-0.044,-0.019,,,,,,,,,
-0.025,-0.044,-0.019,,,,,,,,,
-0.025,-0.045,-0.02,,,,,,,,,
-0.023,-0.043,-0.019,,,,,,,,,
-0.019,-0.039,-0.02,,,,,,,,,
-0.02,-0.04,-0.019,,,,,,,,,
-0.019,-0.039,-0.02,,,,,,,,,
-0.02,-0.04,-0.019,,,,,,,,,
-0.019,-0.039,-0.02,,,,,,,,,
-0.02,-0.04,-0.019,,,,,,,,,
-0.019,-0.039,-0.02,,,,,,,,,
-0.02,-0.04,-0.019,,,,,,,,,
-0.018,-0.038,-0.02,,,,,,,,,
-0.025,-0.045,-0.019,,,,,,,,,
-0.051,-0.071,-0.02,,,,,,,,,
-0.051,-0.071,-0.019,,,,,,,,,
-0.048,-0.068,-0.02,,,,,,,,,
-0.045,-0.065,-0.019,,,,,,,,,
-0.042,-0.063,-0.02,,,,,,,,,
-0.04,-0.06,-0.019,,,,,,,,,
-0.037,-0.057,-0.02,,,,,,,,,
-0.035,-0.055,-0.019,,,,,,,,,
-0.031,-0.052,-0.02,,,,,,,,,
-0.029,-0.049,-0.019,,,,,,,,,
-0.026,-0.046,-0.02,,,,,,,,,
-0.025,-0.044,-0.019,,,,,,,,,
-0.016,-0.036,-0.02,,,,,,,,,
-0.001,-0.017,-0.016,,,,,,,,,
0.006,-0.003,-0.01,,,,,,,,,
0.02,0.013,-0.007,,,,,,,,,
0.012,0.009,-0.002,,,,,,,,,
0.006,0.01,0.004,,,,,,,,,
0.001,0.008,0.007,,,,,,,,,
0.001,0.014,0.012,,,,,,,,,
0.005,0.032,0.027,,,,,,,,,
0.007,0.05,0.043,,,,,,,,,
0.031,0.071,0.04,,,,,,,,,
0.041,0.075,0.033,,,,,,,,,
0.03,0.061,0.031,,,,,,,,,
0.034,0.061,0.026,,,,,,,,,
0.077,0.1,0.022,,,,,,,,,
0.069,0.085,0.015,,,,,,,,,
0.056,0.068,0.012,,,,,,,,,
0.046,0.054,0.008,,,,,,,,,
0.037,0.041,0.003,,,,,,,,,
0.029,0.027,-0.001,,,,,,,,,
0.026,0.015,-0.01,,,,,,,,,
0.004,0.001,-0.003,,,,,,,,,
-0.019,-0.011,0.008,,,,,,,,,
-0.029,-0.025,0.005,,,,,,,,,
-0.041,-0.038,0.003,,,,,,,,,
-0.049,-0.049,0.0,,,,,,,,,
-0.039,-0.041,-0.002,,,,,,,,,
-0.074,-0.079,-0.005,,,,,,,,,
-0.072,-0.08,-0.007,,,,,,,,,
-0.067,-0.078,-0.01,,,,,,,,,
-0.06,-0.074,-0.013,,,,,,,,,
-0.057,-0.073,-0.015,,,,,,,,,
-0.049,-0.068,-0.018,,,,,,,,,
-0.05,-0.072,-0.021,,,,,,,,,
-0.03,-0.054,-0.024,,,,,,,,,
-0.055,-0.081,-0.025,,,,,,,,,
-0.088,-0.109,-0.021,,,,,,,,,
-0.078,-0.097,-0.018,,,,,,,,,
-0.081,-0.095,-0.013,,,,,,,,,
-0.076,-0.088,-0.011,,,,,,,,,
-0.082,-0.083,-0.001,,,,,,,,,
-0.087,-0.077,0.009,,,,,,,,,
-0.08,-0.072,0.008,,,,,,,,,
-0.018,-0.066,-0.047,,,,,,,,,
0.086,0.016,-0.069,,,,,,,,,
0.155,0.106,-0.048,,,,,,,,,
0.235,0.201,-0.034,,,,,,,,,
0.337,0.366,0.029,,,,,,,,,
0.416,0.556,0.14,,,,,,,,,
0.373,0.659,0.285,,,,,,,,,
0.274,0.612,0.338,,,,,,,,,
0.22,0.544,0.323,,,,,,,,,
0.114,0.424,0.31,,,,,,,,,
0.03,0.305,0.274,,,,,,,,,
-0.017,0.199,0.216,,,,,,,,,
-0.032,0.138,0.17,,,,,,,,,
-0.028,0.084,0.112,,,,,,,,,
-0.023,0.051,0.075,,,,,,,,,
-0.026,0.017,0.043,,,,,,,,,
-0.03,-0.01,0.02,,,,,,,,,
-0.036,-0.031,0.005,,,,,,,,,
-0.032,-0.044,-0.011,,,,,,,,,
-0.038,-0.064,-0.025,,,,,,,,,
-0.032,-0.065,-0.033,,,,,,,,,
-0.03,-0.065,-0.035,,,,,,,,,
-0.025,-0.06,-0.035,,,,,,,,,
-0.017,-0.06,-0.043,,,,,,,,,
-0.013,-0.059,-0.045,,,,,,,,,
-0.015,-0.06,-0.045,,,,,,,,,
-0.036,-0.081,-0.044,,,,,,,,,
-0.035,-0.08,-0.045,,,,,,,,,
-0.034,-0.079,-0.044,,,,,,,,,
-0.031,-0.076,-0.044,,,,,,,,,
-0.025,-0.074,-0.047,,,,,,,,,
-0.025,-0.075,-0.05,,,,,,,,,
-0.02,-0.069,-0.049,,,,,,,,,
-0.02,-0.071,-0.05,,,,,,,,,
-0.018,-0.067,-0.049,,,,,,,,,
-0.032,-0.082,-0.05,,,,,,,,,
-0.054,-0.103,-0.049,,,,,,,,,
-0.047,-0.098,-0.05,,,,,,,,,
-0.046,-0.095,-0.049,,,,,,,,,
-0.042,-0.093,-0.051,,,,,,,,,
-0.041,-0.088,-0.047,,,,,,,,,
-0.031,-0.085,-0.054,,,,,,,,,
-0.02,-0.083,-0.062,,,,,,,,,
-0.012,-0.072,-0.059,,,,,,,,,
-0.004,-0.063,-0.059,,,,,,,,,
-0.002,-0.056,-0.054,,,,,,,,,
0.008,-0.047,-0.055,,,,,,,,,
0.009,-0.04,-0.05,,,,,,,,,
0.019,-0.03,-0.049,,,,,,,,,
0.023,-0.026,-0.05,,,,,,,,,
0.029,-0.016,-0.046,,,,,,,,,
0.043,-0.001,-0.044,,,,,,,,,
0.06,0.016,-0.044,,,,,,,,,
0.066,0.026,-0.039,,,,,,,,,
0.067,0.027,-0.04,,,,,,,,,
0.062,0.022,-0.039,,,,,,,,,
0.063,0.028,-0.035,,,,,,,,,
0.049,0.018,-0.031,,,,,,,,,
0.078,0.051,-0.026,,,,,,,,,
0.108,0.084,-0.024,,,,,,,,,
0.104,0.082,-0.022,,,,,,,,,
0.104,0.087,-0.017,,,,,,,,,
0.125,0.111,-0.013,,,,,,,,,
0.136,0.125,-0.009,,,,,,,,,
0.122,0.114,-0.008,,,,,,,,,
0.123,0.118,-0.004,,,,,,,,,
0.113,0.108,-0.005,,,,,,,,,
0.12,0.12,0.0,,,,,,,,,
0.153,0.153,0.0,,,,,,,,,
0.144,0.143,0.0,,,,,,,,,
0.132,0.135,0.003,,,,,,,,,
0.125,0.13,0.005,,,,,,,,,
0.119,0.124,0.005,,,,,,,,,
0.108,0.119,0.01,,,,,,,,,
0.106,0.116,0.009,,,,,,,,,
0.1,0.11,0.01,,,,,,,,,
0.101,0.104,0.002,,,,,,,,,
0.103,0.102,0.0,,,,,,,,,
0.096,0.091,-0.005,,,,,,,,,
0.079,0.071,-0.008,,,,,,,,,
0.065,0.051,-0.014,,,,,,,,,
0.05,0.031,-0.02,,,,,,,,,
0.039,0.015,-0.024,,,,,,,,,
0.032,0.004,-0.027,,,,,,,,,
0.023,-0.008,-0.032,,,,,,,,,
0.015,-0.018,-0.034,,,,,,,,,
0.001,-0.033,-0.035,,,,,,,,,
-0.012,-0.047,-0.034,,,,,,,,,
-0.025,-0.061,-0.035,,,,,,,,,
-0.025,-0.058,-0.033,,,,,,,,,
-0.016,-0.061,-0.045,,,,,,,,,
-0.011,-0.057,-0.046,,,,,,,,,
-0.028,-0.073,-0.044,,,,,,,,,
-0.042,-0.088,-0.045,,,,,,,,,
-0.039,-0.084,-0.045,,,,,,,,,
-0.04,-0.082,-0.041,,,,,,,,,
-0.039,-0.079,-0.039,,,,,,,,,
-0.039,-0.079,-0.04,,,,,,,,,
-0.034,-0.074,-0.039,,,,,,,,,
-0.036,-0.075,-0.038,,,,,,,,,
-0.037,-0.071,-0.034,,,,,,,,,
-0.034,-0.069,-0.035,,,,,,,,,
-0.032,-0.066,-0.034,,,,,,,,,
-0.028,-0.064,-0.035,,,,,,,,,
-0.031,-0.064,-0.032,,,,,,,,,
-0.028,-0.057,-0.029,,,,,,,,,
-0.032,-0.062,-0.029,,,,,,,,,
-0.02,-0.05,-0.03,,,,,,,,,
-0.041,-0.071,-0.029,,,,,,,,,
-0.059,-0.089,-0.03,,,,,,,,,
-0.052,-0.082,-0.029,,,,,,,,,
-0.056,-0.086,-0.03,,,,,,,,,
-0.049,-0.079,-0.029,,,,,,,,,
-0.05,-0.08,-0.03,,,,,,,,,
-0.049,-0.079,-0.029,,,,,,,,,
-0.049,-0.08,-0.03,,,,,,,,,
-0.044,-0.074,-0.029,,,,,,,,,
-0.044,-0.075,-0.03,,,,,,,,,
-0.048,-0.074,-0.026,,,,,,,,,
-0.045,-0.071,-0.025,,,,,,,,,
-0.046,-0.069,-0.023,,,,,,,,,
-0.037,-0.07,-0.033,,,,,,,,,
-0.025,-0.068,-0.043,,,,,,,,,
-0.026,-0.065,-0.038,,,,,,,,,
-0.019,-0.06,-0.041,,,,,,,,,
-0.018,-0.057,-0.039,,,,,,,,,
-0.011,-0.052,-0.04,,,,,,,,,
-0.009,-0.049,-0.039,,,,,,,,,
-0.004,-0.045,-0.04,,,,,,,,,
0.0,-0.035,-0.035,,,,,,,,,
0.01,-0.025,-0.035,,,,,,,,,
0.016,-0.018,-0.034,,,,,,,,,
,-0.01,,-0.006,0.03,-0.023,,,,,,
,-0.035,,0.018,0.016,-0.035,,,,,,
,-0.077,,0.06,-0.003,-0.056,,,,,,
,-0.062,,0.046,0.002,-0.048,,,,,,
,-0.044,,0.028,0.008,-0.037,,,,,,
,-0.023,,0.008,0.018,-0.026,,,,,,
,-0.019,,0.004,0.02,-0.024,,,,,,
,-0.056,,0.041,0.001,-0.043,,,,,,
,-0.043,,0.03,0.005,-0.035,,,,,,
,-0.061,,0.049,-0.006,-0.042,,,,,,
,-0.081,,0.068,-0.014,-0.053,,,,,,
,-0.079,,0.068,-0.015,-0.05,,,,,,
,-0.08,,0.066,-0.012,-0.053,,,,,,
,-0.079,,0.064,-0.008,-0.055,,,,,,
,-0.08,,0.058,0.004,-0.061,,,,,,
,-0.079,,0.053,0.012,-0.066,,,,,,
,-0.079,,0.055,0.008,-0.064,,,,,,
,-0.08,,0.054,0.01,-0.065,,,,,,
,-0.079,,0.055,0.009,-0.064,,,,,,
,-0.08,,0.055,0.01,-0.065,,,,,,
,-0.079,,0.054,0.009,-0.064,,,,,,
,-0.08,,0.055,0.01,-0.065,,,,,,
,-0.079,,0.057,0.005,-0.062,,,,,,
,-0.08,,0.058,0.005,-0.062,,,,,,
,-0.072,,0.05,0.009,-0.058,,,,,,
,-0.065,,0.043,0.012,-0.055,,,,,,
,-0.055,,0.033,0.017,-0.05,,,,,,
,-0.062,,0.04,0.014,-0.053,,,,,,
,-0.101,,0.079,-0.005,-0.072,,,,,,
,-0.093,,0.073,-0.006,-0.066,,,,,,
,-0.083,,0.063,-0.001,-0.061,,,,,,
,-0.071,,0.052,0.003,-0.055,,,,,,
,-0.062,,0.042,0.009,-0.051,,,,,,
,-0.05,,0.03,0.014,-0.044,,,,,,
,-0.042,,0.021,0.019,-0.041,,,,,,
,-0.027,,0.008,0.025,-0.033,,,,,,
,-0.028,,0.011,0.02,-0.031,,,,,,
,-0.04,,0.023,0.014,-0.037,,,,,,
,-0.087,,0.069,-0.007,-0.061,,,,,,
,-0.096,,0.08,-0.013,-0.065,,,,,,
,-0.082,,0.065,-0.005,-0.059,,,,,,
,-0.078,,0.062,-0.005,-0.055,,,,,,
,-0.071,,0.051,0.006,-0.056,,,,,,
,-0.071,,0.044,0.017,-0.062,,,,,,
,-0.067,,0.042,0.015,-0.057,,,,,,
,-0.065,,0.04,0.017,-0.057,,,,,,
,-0.061,,0.04,0.013,-0.052,,,,,,
,-0.06,,0.037,0.015,-0.052,,,,,,
,-0.056,,0.036,0.013,-0.048,,,,,,
,-0.054,,0.034,0.012,-0.046,,,,,,
,-0.051,,0.03,0.014,-0.045,,,,,,
,-0.049,,0.03,0.012,-0.042,,,,,,
,-0.045,,0.028,0.011,-0.04,,,,,,
,-0.044,,0.027,0.013,-0.039,,,,,,
,-0.039,,0.025,0.009,-0.034,,,,,,
,-0.04,,0.025,0.01,-0.035,,,,,,
,-0.036,,0.022,0.011,-0.033,,,,,,
,-0.029,,0.017,0.009,-0.026,,,,,,
,-0.02,,0.011,0.009,-0.019,,,,,,
,-0.015,,0.008,0.006,-0.014,,,,,,
,-0.005,,0.001,0.005,-0.006,,,,,,
,0.009,,-0.011,0.009,0.001,,,,,,
,0.02,,-0.02,0.01,0.01,,,,,,
,0.036,,-0.035,0.014,0.019,,,,,,
,0.041,,-0.038,0.012,0.024,,,,,,
,0.04,,-0.034,0.009,0.025,,,,,,
,0.037,,-0.03,0.002,0.026,,,,,,
,0.034,,-0.03,0.007,0.021,,,,,,
,0.034,,-0.034,0.015,0.018,,,,,,
,0.029,,-0.031,0.017,0.013,,,,,,
,0.029,,-0.033,0.023,0.01,,,,,,
,0.024,,-0.03,0.024,0.005,,,,,,
,0.025,,-0.035,0.031,0.002,,,,,,
,0.017,,-0.027,0.029,-0.001,,,,,,
,0.007,,-0.017,0.023,-0.006,,,,,,
,0.0,,-0.01,0.02,-0.01,,,,,,
,-0.008,,-0.001,0.015,-0.013,,,,,,
,-0.021,,0.011,0.009,-0.021,,,,,,
,-0.038,,0.029,0.0,-0.028,,,,,,
,-0.053,,0.04,0.0,-0.04,,,,,,
,-0.069,,0.045,0.015,-0.059,,,,,,
,-0.069,,0.038,0.028,-0.066,,,,,,
,-0.07,,0.041,0.021,-0.064,,,,,,
,-0.069,,0.042,0.021,-0.061,,,,,,
,-0.07,,0.044,0.017,-0.061,,,,,,
,-0.069,,0.044,0.015,-0.059,,,,,,
,-0.07,,0.047,0.011,-0.058,,,,,,
,-0.068,,0.046,0.01,-0.056,,,,,,
,-0.069,,0.049,0.006,-0.055,,,,,,
,-0.081,,0.061,0.0,-0.06,,,,,,
,-0.076,,0.06,-0.006,-0.053,,,,,,
,-0.064,,0.054,-0.01,-0.042,,,,,,
,-0.063,,0.058,-0.021,-0.036,,,,,,
,-0.05,,0.05,-0.024,-0.025,,,,,,
,-0.073,,0.083,-0.058,-0.024,,,,,,
,-0.078,,0.085,-0.053,-0.031,,,,,,
,-0.022,,0.013,0.007,-0.02,,,,,,
,0.0,,-0.02,0.042,-0.02,,,,,,
,0.081,,-0.119,0.116,0.002,,,,,,
,0.162,,-0.2,0.156,0.042,,,,,,
,0.321,,-0.324,0.165,0.157,,,,,,
,0.492,,-0.438,0.136,0.3,,,,,,
,0.623,,-0.496,0.058,0.437,,,,,,
,0.649,,-0.483,-0.007,0.49,,,,,,
,0.6,,-0.423,-0.053,0.476,,,,,,
,0.472,,-0.307,-0.093,0.4,,,,,,
,0.351,,-0.197,-0.132,0.33,,,,,,
,0.234,,-0.101,-0.149,0.25,,,,,,
,0.147,,-0.043,-0.134,0.177,,,,,,
,0.102,,-0.029,-0.097,0.125,,,,,,
,0.068,,-0.023,-0.055,0.079,,,,,,
,0.041,,-0.011,-0.038,0.049,,,,,,
,0.018,,-0.006,-0.015,0.021,,,,,,
,0.0,,0.002,-0.002,0.0,,,,,,
,-0.021,,0.017,-0.002,-0.014,,,,,,
,-0.04,,0.034,-0.006,-0.027,,,,,,
,-0.052,,0.04,-0.001,-0.038,,,,,,
,-0.057,,0.049,-0.01,-0.037,,,,,,
,-0.058,,0.048,-0.006,-0.04,,,,,,
,-0.073,,0.052,0.006,-0.057,,,,,,
,-0.083,,0.061,0.003,-0.063,,,,,,
,-0.076,,0.054,0.007,-0.06,,,,,,
,-0.073,,0.051,0.008,-0.059,,,,,,
,-0.072,,0.05,0.008,-0.058,,,,,,
,-0.103,,0.081,-0.006,-0.074,,,,,,
,-0.097,,0.076,-0.004,-0.07,,,,,,
,-0.095,,0.073,-0.001,-0.07,,,,,,
,-0.089,,0.068,0.0,-0.066,,,,,,
,-0.09,,0.068,0.0,-0.067,,,,,,
,-0.084,,0.069,-0.012,-0.056,,,,,,
,-0.081,,0.057,0.008,-0.065,,,,,,
,-0.076,,0.047,0.02,-0.067,,,,,,
,-0.075,,0.05,0.014,-0.063,,,,,,
,-0.071,,0.046,0.015,-0.06,,,,,,
,-0.067,,0.042,0.015,-0.058,,,,,,
,-0.064,,0.041,0.014,-0.055,,,,,,
,-0.063,,0.041,0.012,-0.053,,,,,,
,-0.057,,0.035,0.015,-0.049,,,,,,
,-0.055,,0.036,0.011,-0.047,,,,,,
,-0.052,,0.033,0.012,-0.045,,,,,,
,-0.049,,0.032,0.009,-0.04,,,,,,
,-0.044,,0.026,0.014,-0.04,,,,,,
,-0.044,,0.029,0.007,-0.036,,,,,,
,-0.039,,0.023,0.011,-0.035,,,,,,
,-0.037,,0.024,0.008,-0.032,,,,,,
,-0.022,,0.01,0.014,-0.023,,,,,,
,-0.019,,0.009,0.012,-0.02,,,,,,
,-0.005,,-0.005,0.018,-0.012,,,,,,
,-0.022,,0.014,0.005,-0.019,,,,,,
,-0.011,,0.004,0.009,-0.013,,,,,,
,0.003,,-0.008,0.012,-0.003,,,,,,
,0.03,,-0.035,0.024,0.009,,,,,,
,0.029,,-0.031,0.02,0.012,,,,,,
,0.044,,-0.046,0.026,0.019,,,,,,
,0.086,,-0.086,0.043,0.042,,,,,,
,0.083,,-0.082,0.04,0.041,,,,,,
,0.092,,-0.09,0.04,0.048,,,,,,
,0.083,,-0.078,0.031,0.045,,,,,,
,0.087,,-0.082,0.032,0.049,,,,,,
,0.082,,-0.076,0.026,0.048,,,,,,
,0.12,,-0.112,0.043,0.068,,,,,,
,0.16,,-0.151,0.06,0.089,,,,,,
,0.151,,-0.14,0.052,0.086,,,,,,
,0.151,,-0.139,0.051,0.086,,,,,,
,0.147,,-0.131,0.04,0.09,,,,,,
,0.143,,-0.122,0.027,0.093,,,,,,
,0.139,,-0.12,0.031,0.089,,,,,,
,0.138,,-0.118,0.027,0.09,,,,,,
,0.133,,-0.116,0.03,0.084,,,,,,
,0.13,,-0.113,0.03,0.082,,,,,,
,0.128,,-0.111,0.029,0.081,,,,,,
,0.125,,-0.108,0.026,0.08,,,,,,
,0.122,,-0.107,0.03,0.075,,,,,,
,0.107,,-0.092,0.023,0.068,,,,,,
,0.095,,-0.08,0.017,0.063,,,,,,
,0.081,,-0.068,0.014,0.053,,,,,,
,0.068,,-0.056,0.009,0.046,,,,,,
,0.054,,-0.042,0.001,0.039,,,,,,
,0.042,,-0.03,-0.002,0.032,,,,,,
,0.027,,-0.022,0.001,0.019,,,,,,
,0.015,,-0.017,0.008,0.007,,,,,,
,-0.001,,-0.005,0.014,-0.007,,,,,,
,-0.016,,0.003,0.019,-0.021,,,,,,
,-0.03,,0.015,0.014,-0.029,,,,,,
,-0.028,,0.012,0.016,-0.029,,,,,,
,-0.033,,0.018,0.012,-0.031,,,,,,
,-0.042,,0.027,0.009,-0.036,,,,,,
,-0.039,,0.025,0.009,-0.034,,,,,,
,-0.039,,0.023,0.011,-0.034,,,,,,
,-0.046,,0.032,0.004,-0.037,,,,,,
,-0.082,,0.065,-0.007,-0.056,,,,,,
,-0.079,,0.07,-0.021,-0.048,,,,,,
,-0.076,,0.077,-0.04,-0.036,,,,,,
,-0.07,,0.065,-0.022,-0.041,,,,,,
,-0.07,,0.056,-0.005,-0.049,,,,,,
,-0.065,,0.052,-0.005,-0.046,,,,,,
,-0.062,,0.054,-0.015,-0.038,,,,,,
,-0.057,,0.055,-0.023,-0.03,,,,,,
,-0.055,,0.057,-0.031,-0.025,,,,,,
,-0.052,,0.052,-0.025,-0.026,,,,,,
,-0.045,,0.045,-0.022,-0.022,,,,,,
,-0.037,,0.037,-0.018,-0.018,,,,,,
,-0.065,,0.065,-0.033,-0.032,,,,,,
,-0.075,,0.075,-0.037,-0.037,,,,,,
,-0.06,,0.061,-0.03,-0.029,,,,,,
,-0.056,,0.055,-0.026,-0.028,,,,,,
,-0.045,,0.043,-0.017,-0.025,,,,,,
,-0.039,,0.037,-0.014,-0.022,,,,,,
,-0.03,,0.028,-0.009,-0.017,,,,,,
,-0.023,,0.021,-0.006,-0.014,,,,,,
,-0.018,,0.016,-0.004,-0.011,,,,,,
,-0.013,,0.011,-0.001,-0.008,,,,,,
,-0.002,,0.0,0.005,-0.004,,,,,,
,-0.003,,-0.001,0.009,-0.006,,,,,,
,-0.004,,0.0,0.007,-0.006,,,,,,
,-0.009,,0.004,0.005,-0.009,,,,,,
,-0.009,,0.004,0.004,-0.009,,,,,,
,-0.012,,0.005,0.009,-0.013,,,,,,
,-0.014,,0.007,0.007,-0.014,,,,,,
,-0.016,,0.009,0.007,-0.016,,,,,,
,-0.02,,0.013,0.004,-0.016,,,,,,
,-0.019,,0.011,0.008,-0.018,,,,,,
,-0.024,,0.014,0.008,-0.022,,,,,,
,-0.024,,0.014,0.008,-0.021,,,,,,
,-0.026,,0.017,0.006,-0.023,,,,,,
,-0.03,,0.02,0.005,-0.025,,,,,,
,-0.029,,0.021,0.002,-0.023,,,,,,
,-0.03,,0.023,0.0,-0.021,,,,,,
,-0.029,,0.022,0.0,-0.022,,,,,,
,-0.03,,0.023,0.0,-0.021,,,,,,
,-0.033,,0.026,0.0,-0.024,,,,,,
,-0.035,,0.028,-0.002,-0.025,,,,,,
,-0.034,,0.027,-0.001,-0.024,,,,,,
,-0.036,,0.03,-0.005,-0.023,,,,,,
,-0.033,,0.028,-0.006,-0.02,,,,,,
,-0.039,,0.034,-0.009,-0.024,,,,,,
,-0.053,,0.048,-0.016,-0.031,,,,,,
,-0.049,,0.044,-0.014,-0.029,,,,,,
,-0.047,,0.042,-0.013,-0.027,,,,,,
,-0.044,,0.039,-0.011,-0.026,,,,,,
,-0.044,,0.042,-0.016,-0.025,,,,,,
,-0.039,,0.037,-0.015,-0.021,,,,,,
,-0.04,,0.038,-0.015,-0.022,,,,,,
,-0.035,,0.033,-0.013,-0.02,,,,,,
,-0.035,,0.033,-0.012,-0.02,,,,,,
,-0.03,,0.028,-0.01,-0.017,,,,,,
,-0.03,,0.028,-0.01,-0.017,,,,,,
,-0.028,,0.026,-0.009,-0.016,,,,,,
,-0.025,,0.023,-0.006,-0.015,,,,,,
,-0.024,,0.022,-0.006,-0.014,,,,,,
,-0.044,,0.041,-0.016,-0.024,,,,,,
,-0.046,,0.044,-0.017,-0.025,,,,,,
,-0.044,,0.042,-0.016,-0.024,,,,,,
,-0.045,,0.043,-0.017,-0.024,,,,,,
,-0.044,,0.044,-0.022,-0.021,,,,,,
,-0.041,,0.041,-0.02,-0.02,,,,,,
,-0.039,,0.039,-0.019,-0.019,,,,,,
,-0.04,,0.04,-0.02,-0.02,,,,,,
,-0.039,,0.04,-0.019,-0.019,,,,,,
,-0.038,,0.038,-0.018,-0.019,,,,,,
,-0.033,,0.034,-0.017,-0.015,,,,,,
,-0.035,,0.038,-0.022,-0.015,,,,,,
,-0.034,,0.035,-0.021,-0.014,,,,,,
,-0.036,,0.038,-0.022,-0.015,,,,,,
,-0.032,,0.034,-0.02,-0.013,,,,,,
,-0.03,,0.031,-0.019,-0.012,,,,,,
,-0.029,,0.032,-0.02,-0.011,,,,,,
,-0.028,,0.03,-0.018,-0.012,,,,,,
,-0.024,,0.023,-0.01,-0.011,,,,,,
,-0.025,,0.025,-0.012,-0.012,,,,,,
,-0.024,,0.024,-0.011,-0.011,,,,,,
,-0.022,,0.023,-0.011,-0.011,,,,,,
,-0.018,,0.017,-0.008,-0.009,,,,,,
,-0.021,,0.022,-0.011,-0.01,,,,,,
,-0.016,,0.016,-0.007,-0.008,,,,,,
,-0.015,,0.015,-0.007,-0.007,,,,,,
,-0.013,,0.013,-0.006,-0.006,,,,,,
,-0.016,,0.016,-0.007,-0.007,,,,,,
,-0.01,,0.01,-0.004,-0.005,,,,,,
,-0.009,,0.009,-0.004,-0.004,,,,,,
,-0.002,,0.001,0.0,-0.001,,,,,,
,-0.001,,0.004,-0.006,0.001,,,,,,
,0.017,,-0.006,-0.013,0.019,,,,,,
,0.035,,-0.016,-0.02,0.036,,,,,,
,0.049,,-0.023,-0.027,0.051,,,,,,
,0.014,,0.011,-0.044,0.032,,,,,,
,0.045,,-0.02,-0.026,0.047,,,,,,
,0.062,,-0.039,-0.015,0.054,,,,,,
,0.072,,-0.051,-0.008,0.058,,,,,,
,0.089,,-0.068,0.003,0.064,,,,,,
,0.082,,-0.063,0.002,0.06,,,,,,
,0.085,,-0.068,0.007,0.06,,,,,,
,0.084,,-0.068,0.009,0.058,,,,,,
,0.072,,-0.057,0.005,0.051,,,,,,
,0.095,,-0.081,0.019,0.061,,,,,,
,0.118,,-0.106,0.034,0.071,,,,,,
,0.088,,-0.077,0.021,0.055,,,,,,
,0.077,,-0.07,0.023,0.046,,,,,,
,0.052,,-0.047,0.013,0.032,,,,,,
,0.045,,-0.042,0.015,0.026,,,,,,
,0.028,,-0.027,0.009,0.015,,,,,,
,0.022,,-0.022,0.013,0.009,,,,,,
,0.004,,-0.007,0.009,-0.001,,,,,,
,0.0,,-0.004,0.01,-0.005,,,,,,
,-0.017,,0.009,0.006,-0.015,,,,,,
,-0.02,,0.015,0.0,-0.015,,,,,,
,-0.054,,0.048,-0.016,-0.032,,,,,,
,-0.063,,0.058,-0.022,-0.035,,,,,,
,-0.046,,0.045,-0.018,-0.025,,,,,,
,-0.035,,0.033,-0.012,-0.019,,,,,,
,-0.029,,0.029,-0.013,-0.015,,,,,,
,-0.092,,0.092,-0.046,-0.046,,,,,,
,-0.101,,0.101,-0.049,-0.05,,,,,,
,-0.092,,0.094,-0.049,-0.044,,,,,,
,-0.092,,0.093,-0.05,-0.043,,,,,,
,-0.084,,0.086,-0.047,-0.039,,,,,,
,-0.079,,0.085,-0.05,-0.035,,,,,,
,-0.075,,0.08,-0.047,-0.032,,,,,,
,-0.068,,0.074,-0.044,-0.028,,,,,,
,-0.056,,0.068,-0.051,-0.016,,,,,,
,-0.048,,0.068,-0.064,-0.003,,,,,,
,-0.033,,0.051,-0.052,0.0,,,,,,
,-0.03,,0.029,-0.013,-0.015,,,,,,
,0.031,,-0.044,0.041,0.002,,,,,,
,0.135,,-0.165,0.127,0.037,,,,,,
,0.22,,-0.235,0.14,0.094,,,,,,
,0.392,,-0.367,0.145,0.221,,,,,,
,0.56,,-0.469,0.096,0.372,,,,,,
,0.659,,-0.505,0.022,0.483,,,,,,
,0.67,,-0.496,-0.013,0.508,,,,,,
,0.554,,-0.377,-0.076,0.454,,,,,,
,0.402,,-0.236,-0.131,0.367,,,,,,
,0.264,,-0.107,-0.183,0.289,,,,,,
,0.169,,-0.037,-0.179,0.216,,,,,,
,0.113,,-0.017,-0.136,0.152,,,,,,
,0.068,,-0.002,-0.098,0.1,,,,,,
,0.016,,0.034,-0.093,0.058,,,,,,
,-0.018,,0.056,-0.086,0.029,,,,,,
,-0.044,,0.074,-0.082,0.007,,,,,,
,-0.073,,0.09,-0.07,-0.019,,,,,,
,-0.091,,0.105,-0.072,-0.032,,,,,,
,-0.086,,0.097,-0.065,-0.032,,,,,,
,-0.099,,0.109,-0.069,-0.04,,,,,,
,-0.119,,0.124,-0.072,-0.052,,,,,,
,-0.113,,0.119,-0.066,-0.05,,,,,,
,-0.111,,0.114,-0.061,-0.052,,,,,,
,-0.109,,0.11,-0.057,-0.053,,,,,,
,-0.109,,0.108,-0.052,-0.055,,,,,,
,-0.103,,0.102,-0.046,-0.054,,,,,,
,-0.105,,0.105,-0.052,-0.052,,,,,,
,-0.1,,0.1,-0.05,-0.05,,,,,,
,-0.1,,0.1,-0.05,-0.049,,,,,,
,-0.095,,0.095,-0.047,-0.047,,,,,,
,-0.095,,0.097,-0.05,-0.045,,,,,,
,-0.092,,0.095,-0.051,-0.043,,,,,,
,-0.089,,0.091,-0.049,-0.041,,,,,,
,-0.089,,0.092,-0.049,-0.042,,,,,,
,-0.085,,0.088,-0.048,-0.039,,,,,,
,-0.084,,0.09,-0.052,-0.036,,,,,,
,-0.08,,0.084,-0.049,-0.035,,,,,,
,-0.079,,0.084,-0.049,-0.034,,,,,,
,-0.066,,0.071,-0.042,-0.028,,,,,,
,-0.055,,0.06,-0.038,-0.021,,,,,,
,-0.042,,0.049,-0.036,-0.013,,,,,,
,-0.032,,0.039,-0.03,-0.009,,,,,,
,-0.025,,0.033,-0.028,-0.004,,,,,,
,-0.022,,0.027,-0.021,-0.006,,,,,,
,-0.015,,0.023,-0.024,0.001,,,,,,
,-0.002,,0.019,-0.035,0.015,,,,,,
,0.03,,-0.015,-0.013,0.028,,,,,,
,0.04,,-0.024,-0.011,0.035,,,,,,
,0.043,,-0.028,-0.007,0.035,,,,,,
,0.06,,-0.045,0.0,0.045,,,,,,
,0.096,,-0.081,0.018,0.061,,,,,,
,0.093,,-0.078,0.015,0.061,,,,,,
,0.096,,-0.081,0.018,0.062,,,,,,
,0.093,,-0.078,0.015,0.061,,,,,,
,0.096,,-0.085,0.024,0.059,,,,,,
,0.094,,-0.076,0.009,0.065,,,,,,
,0.123,,-0.096,0.007,0.088,,,,,,
,0.112,,-0.088,0.008,0.08,,,,,,
,0.145,,-0.122,0.026,0.095,,,,,,
,0.143,,-0.124,0.032,0.091,,,,,,
,0.13,,-0.108,0.019,0.088,,,,,,
,0.195,,-0.162,0.029,0.132,,,,,,
,0.192,,-0.161,0.032,0.127,,,,,,
,0.197,,-0.166,0.037,0.128,,,,,,
,0.194,,-0.153,0.015,0.137,,,,,,
,0.203,,-0.162,0.021,0.142,,,,,,
,0.196,,-0.157,0.02,0.136,,,,,,
,0.206,,-0.17,0.029,0.14,,,,,,
,0.221,,-0.182,0.031,0.15,,,,,,
,0.216,,-0.176,0.028,0.147,,,,,,
,0.21,,-0.158,0.0,0.157,,,,,,
,0.206,,-0.151,-0.008,0.158,,,,,,
,0.191,,-0.14,-0.006,0.146,,,,,,
,0.173,,-0.122,-0.014,0.137,,,,,,
,0.158,,-0.111,-0.015,0.126,,,,,,
,0.142,,-0.095,-0.02,0.117,,,,,,
,0.125,,-0.084,-0.02,0.104,,,,,,
,0.11,,-0.068,-0.027,0.096,,,,,,
,0.093,,-0.056,-0.029,0.084,,,,,,
,0.081,,-0.043,-0.034,0.077,,,,,,
,0.048,,-0.015,-0.042,0.056,,,,,,
,0.017,,0.013,-0.055,0.04,,,,,,
,-0.008,,0.037,-0.061,0.023,,,,,,
,-0.003,,0.03,-0.057,0.026,,,,,,
,0.017,,0.006,-0.039,0.033,,,,,,
,-0.004,,0.026,-0.047,0.019,,,,,,
,-0.017,,0.037,-0.047,0.01,,,,,,
,-0.036,,0.054,-0.054,0.0,,,,,,
,-0.043,,0.059,-0.052,-0.006,,,,,,
,-0.063,,0.078,-0.062,-0.016,,,,,,
,-0.059,,0.073,-0.058,-0.014,,,,,,
,-0.084,,0.099,-0.072,-0.026,,,,,,
,-0.084,,0.098,-0.07,-0.028,,,,,,
,-0.085,,0.097,-0.067,-0.029,,,,,,
,-0.084,,0.096,-0.066,-0.03,,,,,,
,-0.085,,0.098,-0.067,-0.03,,,,,,
,-0.083,,0.095,-0.066,-0.029,,,,,,
,-0.089,,0.1,-0.065,-0.033,,,,,,
,-0.103,,0.112,-0.07,-0.042,,,,,,
,-0.097,,0.108,-0.07,-0.038,,,,,,
,-0.094,,0.103,-0.065,-0.037,,,,,,
,-0.089,,0.101,-0.067,-0.034,,,,,,
,-0.089,,0.095,-0.057,-0.037,,,,,,
,-0.084,,0.098,-0.071,-0.027,,,,,,
,-0.08,,0.101,-0.082,-0.019,,,,,,
,-0.076,,0.096,-0.077,-0.018,,,,,,
,-0.074,,0.094,-0.077,-0.016,,,,,,
,-0.072,,0.092,-0.076,-0.016,,,,,,
,-0.066,,0.085,-0.072,-0.012,,,,,,
,-0.065,,0.085,-0.072,-0.011,,,,,,
,-0.055,,0.068,-0.055,-0.013,,,,,,
,-0.071,,0.097,-0.09,-0.007,,,,,,
,-0.085,,0.112,-0.097,-0.014,,,,,,
,-0.069,,0.096,-0.089,-0.007,,,,,,
,-0.061,,0.087,-0.084,-0.003,,,,,,
,-0.049,,0.073,-0.073,0.0,,,,,,
,-0.046,,0.071,-0.073,0.001,,,,,,
,-0.043,,0.068,-0.071,0.002,,,,,,
,-0.045,,0.069,-0.069,0.0,,,,,,
,-0.044,,0.065,-0.065,0.0,,,,,,
,-0.045,,0.068,-0.068,0.0,,,,,,
,-0.044,,0.065,-0.064,0.0,,,,,,
,-0.044,,0.064,-0.061,-0.001,,,,,,
,-0.039,,0.059,-0.059,0.0,,,,,,
,-0.04,,0.061,-0.06,0.0,,,,,,
,-0.039,,0.056,-0.056,-0.001,,,,,,
,-0.04,,0.057,-0.055,-0.002,,,,,,
,-0.039,,0.056,-0.054,-0.001,,,,,,
,-0.04,,0.057,-0.055,-0.002,,,,,,
,-0.037,,0.054,-0.053,-0.001,,,,,,
,-0.035,,0.052,-0.052,0.0,,,,,,
,-0.034,,0.051,-0.051,0.0,,,,,,
,-0.035,,0.052,-0.052,0.0,,,,,,
,-0.034,,0.051,-0.05,0.0,,,,,,
,-0.035,,0.053,-0.053,0.0,,,,,,
,-0.035,,0.05,-0.049,-0.001,,,,,,
,-0.033,,0.057,-0.064,0.006,,,,,,
,-0.028,,0.061,-0.079,0.017,,,,,,
,-0.03,,0.058,-0.07,0.011,,,,,,
,-0.029,,0.056,-0.07,0.013,,,,,,
,-0.03,,0.056,-0.066,0.009,,,,,,
,-0.028,,0.053,-0.064,0.01,,,,,,
,-0.031,,0.053,-0.061,0.006,,,,,,
,-0.026,,0.047,-0.057,0.008,,,,,,
,-0.025,,0.045,-0.052,0.007,,,,,,
,-0.015,,0.033,-0.044,0.009,,,,,,
,-0.031,,0.047,-0.049,0.001,,,,,,
,-0.086,,0.101,-0.074,-0.027,,,,,,
,-0.084,,0.099,-0.071,-0.026,,,,,,
,-0.085,,0.097,-0.067,-0.029,,,,,,
,-0.084,,0.096,-0.067,-0.029,,,,,,
,-0.079,,0.095,-0.069,-0.025,,,,,,
,-0.079,,0.095,-0.07,-0.024,,,,,,
,-0.08,,0.097,-0.075,-0.022,,,,,,
,-0.078,,0.094,-0.073,-0.022,,,,,,
,-0.074,,0.082,-0.052,-0.028,,,,,,
,-0.075,,0.09,-0.066,-0.023,,,,,,
,-0.073,,0.101,-0.092,-0.008,,,,,,
,-0.07,,0.093,-0.081,-0.012,,,,,,
,-0.069,,0.096,-0.087,-0.008,,,,,,
,-0.07,,0.094,-0.082,-0.011,,,,,,
,-0.068,,0.094,-0.085,-0.007,,,,,,
,-0.063,,0.087,-0.079,-0.007,,,,,,
,-0.06,,0.084,-0.079,-0.005,,,,,,
,-0.058,,0.077,-0.069,-0.008,,,,,,
,-0.055,,0.07,-0.058,-0.011,,,,,,
,-0.053,,0.061,-0.043,-0.016,,,,,,
,-0.049,,0.052,-0.03,-0.021,,,,,,
,-0.047,,0.05,-0.029,-0.02,,,,,,
,-0.044,,0.056,-0.046,-0.009,,,,,,
,-0.038,,0.038,-0.016,-0.019,,,,,,
,-0.026,,0.045,-0.051,0.005,,,,,,
,-0.021,,0.034,-0.036,0.002,,,,,,
,-0.011,,0.029,-0.045,0.014,,,,,,
,0.005,,0.033,-0.076,0.041,,,,,,
,0.024,,0.018,-0.074,0.055,,,,,,
,0.036,,0.005,-0.067,0.06,,,,,,
,0.041,,0.0,-0.063,0.061,,,,,,
,0.039,,0.0,-0.06,0.059,,,,,,
,0.039,,0.001,-0.06,0.059,,,,,,
,0.054,,-0.014,-0.052,0.067,,,,,,
,0.08,,-0.043,-0.034,0.077,,,,,,
,0.058,,-0.021,-0.046,0.067,,,,,,
,0.059,,-0.022,-0.044,0.066,,,,,,
,0.075,,-0.038,-0.035,0.074,,,,,,
,0.013,,-0.002,-0.015,0.018,,,,,,
,0.097,,-0.053,-0.037,0.091,,,,,,
,0.051,,-0.032,-0.013,0.044,,,,,,
,0.012,,-0.01,0.002,0.007,,,,,,
,-0.025,,0.009,0.02,-0.029,,,,,,
,-0.039,,0.033,-0.008,-0.024,,,,,,
,-0.003,,0.032,-0.061,0.028,,,,,,
,0.006,,0.006,-0.023,0.016,,,,,,
,-0.008,,0.021,-0.031,0.009,,,,,,
,-0.073,,0.048,0.015,-0.061,,,,,,
,-0.105,,0.064,0.03,-0.094,,,,,,
,-0.124,,0.083,0.019,-0.102,,,,,,
,-0.054,,0.015,0.05,-0.065,,,,,,
,-0.133,,0.095,0.01,-0.105,,,,,,
,-0.159,,0.123,-0.006,-0.115,,,,,,
,-0.143,,0.105,0.005,-0.109,,,,,,
,-0.126,,0.092,0.004,-0.096,,,,,,
,-0.134,,0.098,0.005,-0.103,,,,,,
,-0.148,,0.115,-0.007,-0.107,,,,,,
,-0.174,,0.115,0.031,-0.146,,,,,,
,-0.19,,0.135,0.016,-0.15,,,,,,
,-0.176,,0.116,0.031,-0.147,,,,,,
,-0.181,,0.127,0.017,-0.144,,,,,,
,-0.173,,0.114,0.03,-0.143,,,,,,
,-0.174,,0.123,0.015,-0.137,,,,,,
,-0.169,,0.109,0.033,-0.143,,,,,,
,-0.168,,0.171,-0.089,-0.081,,,,,,
,-0.163,,0.165,-0.084,-0.08,,,,,,
,-0.161,,0.156,-0.069,-0.086,,,,,,
,-0.134,,0.1,0.0,-0.1,,,,,,
,-0.054,,0.001,0.078,-0.079,,,,,,
,-0.006,,-0.073,0.158,-0.083,,,,,,
,0.073,,-0.138,0.166,-0.027,,,,,,
,0.217,,-0.246,0.166,0.079,,,,,,
,0.416,,-0.407,0.19,0.217,,,,,,
,0.528,,-0.446,0.1,0.345,,,,,,
,0.544,,-0.415,0.014,0.4,,,,,,
,0.49,,-0.342,-0.052,0.393,,,,,,
,0.341,,-0.202,-0.108,0.31,,,,,,
,0.257,,-0.119,-0.149,0.267,,,,,,
,0.133,,-0.05,-0.099,0.148,,,,,,
,0.066,,0.002,-0.105,0.102,,,,,,
,-0.015,,0.05,-0.079,0.028,,,,,,
,-0.063,,0.059,-0.022,-0.035,,,,,,
,-0.127,,0.094,0.003,-0.097,,,,,,
,-0.142,,0.095,0.023,-0.118,,,,,,
,-0.067,,0.045,0.011,-0.055,,,,,,
,-0.158,,0.107,0.023,-0.129,,,,,,
,-0.145,,0.078,0.063,-0.14,,,,,,
,-0.099,,0.04,0.068,-0.108,,,,,,
,-0.114,,0.05,0.073,-0.122,,,,,,
,-0.163,,0.106,0.033,-0.139,,,,,,
,-0.179,,0.117,0.034,-0.151,,,,,,
,-0.186,,0.128,0.023,-0.151,,,,,,
,-0.184,,0.123,0.03,-0.152,,,,,,
,-0.178,,0.124,0.021,-0.143,,,,,,
,-0.18,,0.12,0.029,-0.149,,,,,,
,-0.171,,0.117,0.024,-0.141,,,,,,
,-0.171,,0.115,0.027,-0.142,,,,,,
,-0.167,,0.113,0.023,-0.136,,,,,,
,-0.165,,0.108,0.031,-0.139,,,,,,
,-0.158,,0.106,0.025,-0.131,,,,,,
,-0.16,,0.107,0.027,-0.133,,,,,,
,-0.153,,0.102,0.026,-0.127,,,,,,
,-0.155,,0.102,0.03,-0.131,,,,,,
,-0.146,,0.096,0.028,-0.124,,,,,,
,-0.147,,0.094,0.034,-0.127,,,,,,
,-0.138,,0.088,0.032,-0.12,,,,,,
,-0.139,,0.085,0.038,-0.123,,,,,,
,-0.13,,0.08,0.036,-0.116,,,,,,
,-0.131,,0.077,0.042,-0.119,,,,,,
,-0.122,,0.072,0.04,-0.112,,,,,,
,-0.123,,0.069,0.046,-0.115,,,,,,
,-0.114,,0.064,0.044,-0.107,,,,,,
,-0.115,,0.061,0.051,-0.112,,,,,,
,-0.106,,0.057,0.044,-0.101,,,,,,
,-0.108,,0.056,0.049,-0.105,,,,,,
,-0.097,,0.049,0.046,-0.096,,,,,,
,-0.102,,0.049,0.054,-0.103,,,,,,
,-0.085,,0.039,0.051,-0.089,,,,,,
,-0.078,,0.024,0.069,-0.093,,,,,,
,-0.046,,0.002,0.064,-0.065,,,,,,
,-0.089,,0.031,0.071,-0.102,,,,,,
,-0.089,,0.05,0.034,-0.084,,,,,,
,0.04,,-0.05,0.04,0.009,,,,,,
,-0.08,,0.014,0.092,-0.105,,,,,,
,-0.082,,0.057,0.01,-0.067,,,,,,
,-0.064,,0.033,0.029,-0.062,,,,,,
,-0.049,,-0.003,0.081,-0.077,,,,,,
,-0.038,,-0.011,0.08,-0.069,,,,,,
,-0.041,,-0.004,0.071,-0.066,,,,,,
,-0.037,,-0.006,0.071,-0.063,,,,,,
,-0.044,,0.004,0.059,-0.062,,,,,,
,-0.014,,-0.025,0.071,-0.046,,,,,,
,0.051,,-0.086,0.096,-0.009,,,,,,
,0.054,,-0.09,0.098,-0.008,,,,,,
,0.049,,-0.083,0.091,-0.007,,,,,,
,0.049,,-0.081,0.09,-0.008,,,,,,
,0.044,,-0.074,0.082,-0.008,,,,,,
,0.046,,-0.076,0.082,-0.006,,,,,,
,0.04,,-0.068,0.076,-0.007,,,,,,
,0.04,,-0.068,0.075,-0.006,,,,,,
,0.034,,-0.06,0.068,-0.007,,,,,,
,0.036,,-0.061,0.067,-0.006,,,,,,
,0.03,,-0.052,0.06,-0.007,,,,,,
,0.013,,-0.034,0.05,-0.015,,,,,,
,-0.005,,-0.014,0.037,-0.023,,,,,,
,-0.016,,-0.003,0.031,-0.028,,,,,,
,-0.051,,0.033,0.011,-0.044,,,,,,
,-0.084,,0.068,-0.008,-0.059,,,,,,
,-0.075,,0.061,-0.008,-0.052,,,,,,
,-0.067,,0.055,-0.008,-0.046,,,,,,
,-0.06,,0.05,-0.009,-0.04,,,,,,
,-0.048,,0.039,-0.006,-0.032,,,,,,
,-0.039,,0.034,-0.007,-0.025,,,,,,
,-0.026,,0.027,-0.015,-0.012,,,,,,
,-0.018,,0.027,-0.029,0.001,,,,,,
,-0.023,,,,,0.033,-0.028,-0.097,,,
,-0.01,,,,,0.027,-0.039,-0.109,,,
,0.022,,,,,0.018,-0.052,-0.113,,,
,0.005,,,,,0.014,-0.082,-0.138,,,
,0.071,,,,,0.008,-0.097,-0.151,,,
,0.095,,,,,0.0,-0.094,-0.153,,,
,0.073,,,,,-0.005,-0.095,-0.158,,,
,0.058,,,,,-0.008,-0.094,-0.16,,,
,0.101,,,,,-0.013,-0.098,-0.162,,,
,0.173,,,,,-0.014,-0.1,-0.165,,,
,0.16,,,,,-0.018,-0.099,-0.16,,,
,0.168,,,,,-0.02,-0.1,-0.16,,,
,0.162,,,,,-0.024,-0.098,-0.159,,,
,0.167,,,,,-0.025,-0.094,-0.16,,,
,0.163,,,,,-0.029,-0.095,-0.157,,,
,0.166,,,,,-0.033,-0.093,-0.154,,,
,0.163,,,,,-0.035,-0.09,-0.154,,,
,0.166,,,,,-0.039,-0.089,-0.155,,,
,0.16,,,,,-0.04,-0.09,-0.154,,,
,0.182,,,,,-0.044,-0.088,-0.15,,,
,0.179,,,,,-0.044,-0.084,-0.149,,,
,0.177,,,,,-0.039,-0.085,-0.15,,,
,0.173,,,,,-0.04,-0.082,-0.149,,,
,0.172,,,,,-0.036,-0.08,-0.149,,,
,0.168,,,,,-0.035,-0.079,-0.144,,,
,0.167,,,,,-0.033,-0.08,-0.145,,,
,0.164,,,,,-0.03,-0.076,-0.144,,,
,0.161,,,,,-0.029,-0.074,-0.145,,,
,0.158,,,,,-0.029,-0.074,-0.144,,,
,0.155,,,,,-0.024,-0.069,-0.145,,,
,0.153,,,,,-0.025,-0.07,-0.144,,,
,0.15,,,,,-0.021,-0.067,-0.145,,,
,0.149,,,,,-0.02,-0.064,-0.144,,,
,0.15,,,,,-0.018,-0.065,-0.145,,,
,0.149,,,,,-0.026,-0.062,-0.144,,,
,0.149,,,,,-0.032,-0.059,-0.145,,,
,0.15,,,,,-0.028,-0.06,-0.144,,,
,0.149,,,,,-0.031,-0.055,-0.147,,,
,0.15,,,,,-0.028,-0.054,-0.15,,,
,0.149,,,,,-0.041,-0.054,-0.15,,,
,0.15,,,,,-0.055,-0.051,-0.149,,,
,0.149,,,,,-0.054,-0.049,-0.15,,,
,0.151,,,,,-0.055,-0.05,-0.149,,,
,0.148,,,,,-0.054,-0.049,-0.15,,,
,0.151,,,,,-0.055,-0.059,-0.149,,,
,0.132,,,,,-0.054,-0.07,-0.15,,,
,0.163,,,,,-0.054,-0.069,-0.149,,,
,0.201,,,,,-0.059,-0.074,-0.15,,,
,0.191,,,,,-0.06,-0.075,-0.149,,,
,0.197,,,,,-0.059,-0.08,-0.144,,,
,0.192,,,,,-0.06,-0.079,-0.155,,,
,0.196,,,,,-0.059,-0.08,-0.172,,,
,0.193,,,,,-0.06,-0.079,-0.168,,,
,0.196,,,,,-0.06,-0.08,-0.171,,,
,0.193,,,,,-0.059,-0.079,-0.168,,,
,0.195,,,,,-0.06,-0.08,-0.172,,,
,0.194,,,,,-0.059,-0.079,-0.187,,,
,0.195,,,,,-0.06,-0.079,-0.19,,,
,0.194,,,,,-0.059,-0.081,-0.189,,,
,0.195,,,,,-0.06,-0.095,-0.19,,,
,0.193,,,,,-0.059,-0.094,-0.189,,,
,0.19,,,,,-0.06,-0.095,-0.19,,,
,0.19,,,,,-0.059,-0.094,-0.189,,,
,0.189,,,,,-0.061,-0.095,-0.19,,,
,0.193,,,,,-0.073,-0.094,-0.189,,,
,0.205,,,,,-0.069,-0.095,-0.19,,,
,0.204,,,,,-0.07,-0.094,-0.189,,,
,0.205,,,,,-0.065,-0.095,-0.19,,,
,0.204,,,,,-0.065,-0.094,-0.189,,,
,0.205,,,,,-0.063,-0.095,-0.19,,,
,0.204,,,,,-0.059,-0.094,-0.185,,,
,0.205,,,,,-0.06,-0.095,-0.182,,,
,0.204,,,,,-0.058,-0.095,-0.178,,,
,0.205,,,,,-0.054,-0.092,-0.178,,,
,0.204,,,,,-0.055,-0.087,-0.171,,,
,0.205,,,,,-0.05,-0.083,-0.17,,,
,0.205,,,,,-0.049,-0.079,-0.167,,,
,0.227,,,,,-0.05,-0.079,-0.163,,,
,0.231,,,,,-0.046,-0.073,-0.159,,,
,0.228,,,,,-0.042,-0.07,-0.158,,,
,0.231,,,,,-0.038,-0.065,-0.153,,,
,0.23,,,,,-0.034,-0.065,-0.158,,,
,0.239,,,,,-0.03,-0.064,-0.159,,,
,0.236,,,,,-0.027,-0.065,-0.16,,,
,0.263,,,,,-0.022,-0.064,-0.159,,,
,0.31,,,,,-0.052,-0.066,-0.16,,,
,0.301,,,,,-0.091,-0.088,-0.159,,,
,0.307,,,,,-0.089,-0.101,-0.16,,,
,0.306,,,,,-0.09,-0.099,-0.159,,,
,0.311,,,,,-0.089,-0.1,-0.16,,,
,0.309,,,,,-0.086,-0.099,-0.159,,,
,0.3,,,,,-0.084,-0.1,-0.16,,,
,0.263,,,,,-0.085,-0.099,-0.159,,,
,0.236,,,,,-0.083,-0.1,-0.16,,,
,0.22,,,,,-0.08,-0.099,-0.159,,,
,0.216,,,,,-0.079,-0.1,-0.164,,,
,0.205,,,,,-0.08,-0.099,-0.166,,,
,0.198,,,,,-0.075,-0.099,-0.174,,,
,0.184,,,,,-0.075,-0.101,-0.179,,,
,0.177,,,,,-0.075,-0.113,-0.18,,,
,0.163,,,,,-0.074,-0.108,-0.179,,,
,0.158,,,,,-0.069,-0.11,-0.18,,,
,0.153,,,,,-0.068,-0.104,-0.179,,,
,0.157,,,,,-0.064,-0.105,-0.18,,,
,0.151,,,,,-0.063,-0.104,-0.179,,,
,0.15,,,,,-0.059,-0.101,-0.18,,,
,0.148,,,,,-0.058,-0.098,-0.179,,,
,0.151,,,,,-0.053,-0.099,-0.181,,,
,0.145,,,,,-0.053,-0.093,-0.178,,,
,0.145,,,,,-0.048,-0.096,-0.181,,,
,0.144,,,,,-0.047,-0.092,-0.178,,,
,0.143,,,,,-0.042,-0.089,-0.181,,,
,0.138,,,,,-0.058,-0.076,-0.162,,,
,0.141,,,,,-0.029,-0.074,-0.147,,,
,0.138,,,,,-0.016,-0.05,-0.13,,,
,0.141,,,,,0.047,0.0,-0.115,,,
,0.138,,,,,0.093,0.054,-0.072,,,
,0.141,,,,,0.072,0.099,-0.013,,,
,0.138,,,,,0.062,0.21,0.108,,,
,0.203,,,,,0.048,0.391,0.339,,,
,0.269,,,,,0.01,0.456,0.544,,,
,0.421,,,,,-0.062,0.38,0.684,,,
,0.569,,,,,-0.206,0.188,0.775,,,
,0.712,,,,,-0.322,-0.021,0.815,,,
,0.897,,,,,-0.381,-0.229,0.789,,,
,0.881,,,,,-0.488,-0.476,0.58,,,
,0.743,,,,,-0.687,-0.817,0.127,,,
,0.601,,,,,-0.776,-1.073,-0.364,,,
,0.477,,,,,-0.799,-1.125,-0.647,,,
,0.371,,,,,-0.753,-1.087,-0.844,,,
,0.269,,,,,-0.628,-0.927,-0.838,,,
,0.243,,,,,-0.465,-0.682,-0.719,,,
,0.226,,,,,-0.352,-0.47,-0.577,,,
,0.206,,,,,-0.256,-0.3,-0.433,,,
,0.192,,,,,-0.153,-0.171,-0.309,,,
,0.188,,,,,-0.095,-0.105,-0.245,,,
,0.184,,,,,-0.08,-0.088,-0.22,,,
,0.18,,,,,-0.075,-0.06,-0.19,,,
,0.176,,,,,-0.065,-0.052,-0.181,,,
,0.172,,,,,-0.058,-0.041,-0.167,,,
,0.168,,,,,-0.054,-0.035,-0.157,,,
,0.164,,,,,-0.052,-0.026,-0.145,,,
,0.159,,,,,-0.049,-0.023,-0.14,,,
,0.163,,,,,-0.047,-0.018,-0.129,,,
,0.165,,,,,-0.044,-0.015,-0.125,,,
,0.168,,,,,-0.041,-0.01,-0.119,,,
,0.171,,,,,-0.039,-0.007,-0.114,,,
,0.19,,,,,-0.036,-0.002,-0.111,,,
,0.187,,,,,-0.033,0.0,-0.105,,,
,0.177,,,,,-0.03,0.004,-0.099,,,
,0.17,,,,,-0.028,0.009,-0.096,,,
,0.161,,,,,-0.025,0.016,-0.091,,,
,0.154,,,,,-0.025,0.018,-0.088,,,
,0.147,,,,,-0.021,0.024,-0.083,,,
,0.169,,,,,-0.019,0.029,-0.08,,,
,0.176,,,,,-0.016,0.034,-0.075,,,
,0.169,,,,,-0.014,0.037,-0.072,,,
,0.2,,,,,-0.014,0.042,-0.066,,,
,0.19,,,,,-0.008,0.045,-0.056,,,
,0.182,,,,,-0.01,0.051,-0.047,,,
,0.166,,,,,-0.005,0.059,-0.04,,,
,0.18,,,,,-0.005,0.068,-0.028,,,
,0.208,,,,,0.0,0.084,-0.018,,,
,0.223,,,,,0.0,0.094,-0.007,,,
,0.226,,,,,0.002,0.099,0.003,,,
,0.223,,,,,0.005,0.102,0.013,,,
,0.226,,,,,0.005,0.118,0.031,,,
,0.223,,,,,0.0,0.135,0.046,,,
,0.226,,,,,0.0,0.144,0.061,,,
,0.225,,,,,-0.002,0.151,0.073,,,
,0.245,,,,,-0.005,0.163,0.096,,,
,0.249,,,,,-0.004,0.18,0.123,,,
,0.278,,,,,-0.009,0.217,0.15,,,
,0.279,,,,,-0.01,0.235,0.17,,,
,0.296,,,,,-0.009,0.257,0.191,,,
,0.277,,,,,-0.014,0.252,0.212,,,
,0.335,,,,,-0.014,0.283,0.261,,,
,0.371,,,,,-0.016,0.295,0.267,,,
,0.352,,,,,-0.02,0.308,0.288,,,
,0.348,,,,,-0.019,0.321,0.3,,,
,0.349,,,,,-0.019,0.319,0.316,,,
,0.403,,,,,-0.014,0.319,0.325,,,
,0.384,,,,,-0.015,0.324,0.335,,,
,0.388,,,,,-0.014,0.333,0.36,,,
,0.425,,,,,-0.015,0.326,0.365,,,
,0.421,,,,,-0.01,0.324,0.362,,,
,0.413,,,,,-0.009,0.319,0.355,,,
,0.41,,,,,-0.009,0.309,0.351,,,
,0.402,,,,,-0.01,0.291,0.338,,,
,0.4,,,,,-0.008,0.276,0.313,,,
,0.391,,,,,-0.004,0.262,0.293,,,
,0.381,,,,,-0.005,0.241,0.263,,,
,0.365,,,,,-0.004,0.216,0.226,,,
,0.354,,,,,-0.005,0.19,0.194,,,
,0.337,,,,,-0.003,0.163,0.161,,,
,0.32,,,,,0.0,0.141,0.129,,,
,0.302,,,,,0.0,0.123,0.1,,,
,0.289,,,,,0.001,0.108,0.072,,,
,0.267,,,,,0.005,0.091,0.047,,,
,0.25,,,,,0.004,0.081,0.024,,,
,0.23,,,,,0.004,0.064,0.0,,,
,0.214,,,,,0.007,0.049,-0.021,,,
,0.198,,,,,0.01,0.031,-0.036,,,
,0.192,,,,,0.009,0.021,-0.054,,,
,0.178,,,,,0.012,0.016,-0.061,,,
,0.218,,,,,0.015,0.015,-0.05,,,
,0.195,,,,,0.014,0.011,-0.077,,,
,0.144,,,,,0.015,0.009,-0.09,,,
,0.143,,,,,0.011,0.006,-0.089,,,
,0.213,,,,,0.009,0.004,-0.09,,,
,0.194,,,,,0.01,0.001,-0.09,,,
,0.179,,,,,0.01,-0.003,-0.089,,,
,0.163,,,,,0.008,-0.004,-0.09,,,
,0.144,,,,,0.004,-0.008,-0.086,,,
,0.152,,,,,0.005,-0.01,-0.084,,,
,0.17,,,,,0.004,-0.013,-0.085,,,
,0.161,,,,,0.005,-0.015,-0.084,,,
,0.163,,,,,0.0,-0.01,-0.085,,,
,0.158,,,,,0.0,-0.01,-0.084,,,
,0.16,,,,,0.0,-0.009,-0.085,,,
,0.152,,,,,0.0,-0.006,-0.084,,,
,0.157,,,,,0.0,-0.004,-0.085,,,
,0.148,,,,,0.0,-0.005,-0.084,,,
,0.151,,,,,0.0,-0.004,-0.085,,,
,0.142,,,,,0.0,0.0,-0.084,,,
,0.148,,,,,0.0,0.0,-0.085,,,
,0.138,,,,,0.0,0.0,-0.085,,,
,0.144,,,,,0.0,0.004,-0.08,,,
,0.133,,,,,0.0,0.005,-0.079,,,
,0.154,,,,,0.0,0.004,-0.08,,,
,0.155,,,,,0.0,0.005,-0.075,,,
,0.164,,,,,0.0,0.01,-0.074,,,
,0.186,,,,,0.0,0.009,-0.075,,,
,0.173,,,,,0.0,0.01,-0.074,,,
,0.176,,,,,0.0,0.009,-0.069,,,
,0.169,,,,,0.0,0.01,-0.069,,,
,0.17,,,,,-0.004,0.009,-0.07,,,
,0.165,,,,,-0.004,0.01,-0.065,,,
,0.165,,,,,-0.005,0.009,-0.064,,,
,0.159,,,,,-0.004,0.01,-0.065,,,
,0.156,,,,,-0.005,0.009,-0.064,,,
,0.154,,,,,-0.004,0.01,-0.065,,,
,0.151,,,,,-0.006,0.009,-0.065,,,
,0.149,,,,,-0.01,0.01,-0.064,,,
,0.145,,,,,-0.009,0.008,-0.065,,,
,0.147,,,,,-0.01,0.004,-0.064,,,
,0.191,,,,,-0.009,0.005,-0.065,,,
,0.195,,,,,-0.01,0.004,-0.064,,,
,0.188,,,,,-0.009,0.004,-0.065,,,
,0.185,,,,,-0.011,0.0,-0.064,,,
,0.18,,,,,-0.015,0.0,-0.065,,,
,0.177,,,,,-0.014,0.0,-0.064,,,
,0.169,,,,,-0.015,0.0,-0.066,,,
,0.167,,,,,-0.014,-0.003,-0.062,,,
,0.162,,,,,-0.015,-0.005,-0.075,,,
,0.16,,,,,-0.014,-0.004,-0.092,,,
,0.159,,,,,-0.018,-0.005,-0.088,,,
,0.16,,,,,-0.02,-0.004,-0.091,,,
,0.159,,,,,-0.019,-0.008,-0.089,,,
,0.16,,,,,-0.02,-0.01,-0.09,,,
,0.159,,,,,-0.019,-0.01,-0.089,,,
,0.16,,,,,-0.019,-0.015,-0.09,,,
,0.16,,,,,-0.02,-0.014,-0.089,,,
,0.159,,,,,-0.016,-0.015,-0.09,,,
,0.16,,,,,-0.014,-0.02,-0.089,,,
,0.159,,,,,-0.014,-0.02,-0.09,,,
,0.16,,,,,-0.009,-0.022,-0.089,,,
,0.159,,,,,-0.01,-0.026,-0.09,,,
,0.16,,,,,-0.006,-0.023,-0.088,,,
,0.157,,,,,-0.004,-0.027,-0.085,,,
,0.154,,,,,-0.005,-0.03,-0.08,,,
,0.154,,,,,-0.002,-0.03,-0.077,,,
,0.155,,,,,0.0,-0.029,-0.072,,,
,0.155,,,,,0.0,-0.03,-0.069,,,
,0.201,,,,,0.005,-0.029,-0.064,,,
,0.211,,,,,0.004,-0.03,-0.061,,,
,0.203,,,,,0.005,-0.029,-0.056,,,
,0.199,,,,,-0.001,-0.03,-0.053,,,
,0.195,,,,,-0.005,-0.029,-0.049,,,
,0.199,,,,,-0.011,-0.03,-0.05,,,
,0.184,,,,,-0.016,-0.029,-0.049,,,
,0.282,,,,,-0.03,-0.03,-0.05,,,
,0.266,,,,,-0.042,-0.029,-0.049,,,
,0.27,,,,,-0.06,-0.027,-0.05,,,
,0.259,,,,,-0.061,-0.024,-0.049,,,
,0.261,,,,,-0.058,-0.025,-0.05,,,
,0.249,,,,,-0.055,-0.024,-0.049,,,
,0.25,,,,,-0.055,-0.025,-0.05,,,
,0.241,,,,,-0.051,-0.023,-0.049,,,
,0.243,,,,,-0.049,-0.026,-0.044,,,
,0.224,,,,,-0.049,-0.022,-0.053,,,
,0.208,,,,,-0.044,-0.044,-0.082,,,
,0.183,,,,,-0.044,-0.052,-0.092,,,
,0.171,,,,,-0.039,-0.048,-0.087,,,
,0.182,,,,,-0.04,-0.05,-0.097,,,
,0.166,,,,,-0.035,-0.049,-0.1,,,
,0.147,,,,,-0.035,-0.05,-0.112,,,
,0.134,,,,,-0.033,-0.049,-0.124,,,
,0.115,,,,,-0.029,-0.049,-0.117,,,
,0.107,,,,,-0.029,-0.044,-0.12,,,
,0.091,,,,,-0.03,-0.044,-0.112,,,
,0.084,,,,,-0.029,-0.044,-0.117,,,
,0.092,,,,,-0.03,-0.045,-0.111,,,
,0.135,,,,,-0.026,-0.044,-0.111,,,
,0.123,,,,,-0.024,-0.045,-0.108,,,
,0.116,,,,,-0.025,-0.043,-0.107,,,
,0.08,,,,,-0.024,-0.039,-0.102,,,
,0.074,,,,,-0.025,-0.038,-0.107,,,
,0.137,,,,,-0.024,-0.034,-0.096,,,
,0.126,,,,,-0.004,-0.03,-0.087,,,
,0.132,,,,,0.02,-0.003,-0.071,,,
,0.128,,,,,0.048,0.017,-0.063,,,
,0.13,,,,,0.106,0.065,-0.025,,,
,0.129,,,,,0.124,0.116,0.035,,,
,0.128,,,,,0.111,0.2,0.138,,,
,0.161,,,,,0.102,0.372,0.355,,,
,0.245,,,,,0.041,0.463,0.601,,,
,0.342,,,,,-0.023,0.41,0.735,,,
,0.51,,,,,-0.133,0.259,0.836,,,
,0.678,,,,,-0.258,0.051,0.869,,,
,0.795,,,,,-0.359,-0.151,0.859,,,
,0.805,,,,,-0.442,-0.357,0.723,,,
,0.71,,,,,-0.618,-0.62,0.357,,,
,0.556,,,,,-0.74,-0.895,-0.141,,,
,0.402,,,,,-0.737,-0.974,-0.476,,,
,0.282,,,,,-0.697,-0.946,-0.695,,,
,0.209,,,,,-0.6,-0.835,-0.775,,,
,0.186,,,,,-0.446,-0.622,-0.665,,,
,0.185,,,,,-0.32,-0.419,-0.532,,,
,0.178,,,,,-0.222,-0.266,-0.387,,,
,0.172,,,,,-0.113,-0.136,-0.275,,,
,0.154,,,,,-0.078,-0.05,-0.18,,,
,0.136,,,,,-0.045,-0.04,-0.148,,,
,0.116,,,,,-0.03,-0.019,-0.128,,,
,0.103,,,,,-0.023,-0.007,-0.108,,,
,0.106,,,,,-0.019,0.006,-0.089,,,
,0.102,,,,,-0.012,0.009,-0.082,,,
,0.109,,,,,-0.008,0.014,-0.075,,,
,0.083,,,,,-0.001,0.018,-0.071,,,
,0.089,,,,,0.002,0.025,-0.064,,,
,0.129,,,,,0.005,0.028,-0.06,,,
,0.114,,,,,0.004,0.029,-0.054,,,
,0.124,,,,,0.005,0.033,-0.05,,,
,0.116,,,,,0.005,0.05,-0.042,,,
,0.123,,,,,0.01,0.049,-0.041,,,
,0.116,,,,,0.009,0.054,-0.034,,,
,0.117,,,,,0.009,0.054,-0.029,,,
,0.112,,,,,0.01,0.059,-0.025,,,
,0.117,,,,,0.006,0.059,-0.021,,,
,0.111,,,,,0.004,0.06,-0.014,,,
,0.119,,,,,0.005,0.06,-0.011,,,
,0.097,,,,,0.004,0.059,-0.006,,,
,0.146,,,,,0.015,0.093,0.0,,,
,0.147,,,,,0.025,0.101,0.003,,,
,0.137,,,,,0.027,0.101,0.007,,,
,0.131,,,,,0.024,0.105,0.014,,,
,0.125,,,,,0.025,0.106,0.023,,,
,0.109,,,,,0.019,0.112,0.028,,,
,0.107,,,,,0.02,0.117,0.035,,,
,0.161,,,,,0.017,0.144,0.067,,,
,0.16,,,,,0.014,0.144,0.071,,,
,0.159,,,,,0.015,0.145,0.074,,,
,0.16,,,,,0.013,0.152,0.082,,,
,0.158,,,,,0.009,0.174,0.104,,,
,0.161,,,,,0.01,0.18,0.109,,,
,0.158,,,,,0.005,0.205,0.142,,,
,0.162,,,,,0.004,0.205,0.166,,,
,0.155,,,,,0.004,0.22,0.178,,,
,0.183,,,,,0.005,0.237,0.202,,,
,0.193,,,,,0.004,0.249,0.216,,,
,0.199,,,,,0.005,0.276,0.255,,,
,0.22,,,,,0.004,0.289,0.284,,,
,0.246,,,,,0.005,0.313,0.317,,,
,0.272,,,,,0.004,0.336,0.342,,,
,0.267,,,,,0.005,0.34,0.357,,,
,0.271,,,,,0.004,0.351,0.379,,,
,0.269,,,,,0.005,0.355,0.388,,,
,0.301,,,,,0.004,0.368,0.409,,,
,0.3,,,,,0.005,0.361,0.416,,,
,0.298,,,,,0.004,0.358,0.412,,,
,0.288,,,,,0.005,0.353,0.417,,,
,0.34,,,,,0.004,0.347,0.434,,,
,0.327,,,,,0.009,0.342,0.418,,,
,0.329,,,,,0.009,0.339,0.407,,,
,0.32,,,,,0.01,0.326,0.393,,,
,0.317,,,,,0.009,0.309,0.372,,,
,0.311,,,,,0.01,0.294,0.342,,,
,0.307,,,,,0.009,0.275,0.315,,,
,0.271,,,,,0.01,0.246,0.286,,,
,0.246,,,,,0.015,0.219,0.238,,,
,0.218,,,,,0.015,0.199,0.202,,,
,0.206,,,,,0.014,0.184,0.182,,,
,0.18,,,,,0.015,0.167,0.154,,,
,0.17,,,,,0.014,0.152,0.124,,,
,0.119,,,,,0.015,0.135,0.091,,,
,0.15,,,,,0.013,0.12,0.065,,,
,0.176,,,,,0.01,0.103,0.048,,,
,0.149,,,,,0.009,0.094,0.028,,,
,0.139,,,,,0.01,0.085,0.011,,,
,0.119,,,,,0.009,0.078,-0.003,,,
,0.106,,,,,0.009,0.073,-0.02,,,
,0.093,,,,,0.01,0.067,-0.035,,,
,0.082,,,,,0.008,0.058,-0.051,,,
,0.069,,,,,0.004,0.054,-0.055,,,
,0.065,,,,,0.005,0.049,-0.054,,,
,0.06,,,,,0.004,0.05,-0.055,,,
,0.057,,,,,0.005,0.049,-0.054,,,
,0.052,,,,,0.004,0.045,-0.055,,,
,0.05,,,,,0.005,0.044,-0.053,,,
,0.043,,,,,0.002,0.045,-0.063,,,
,0.068,,,,,0.0,0.043,-0.073,,,
,0.061,,,,,0.0,0.04,-0.068,,,
,0.088,,,,,0.0,0.04,-0.071,,,
,0.091,,,,,0.0,0.039,-0.065,,,
,0.088,,,,,0.0,0.034,-0.065,,,
,0.087,,,,,0.0,0.035,-0.064,,,
,0.083,,,,,0.0,0.035,-0.065,,,
,0.084,,,,,0.0,0.033,-0.06,,,
,0.078,,,,,0.0,0.029,-0.06,,,
,0.081,,,,,0.0,0.03,-0.059,,,
,0.077,,,,,0.0,0.029,-0.056,,,
,0.076,,,,,0.0,0.03,-0.054,,,
,0.073,,,,,0.0,0.029,-0.055,,,
,0.073,,,,,-0.003,0.03,-0.054,,,
,0.066,,,,,-0.004,0.027,-0.055,,,
,0.074,,,,,-0.005,0.024,-0.054,,,
,0.054,,,,,-0.01,0.025,-0.055,,,
,0.093,,,,,-0.009,0.024,-0.054,,,
,0.11,,,,,-0.013,0.025,-0.055,,,
,0.102,,,,,-0.015,0.024,-0.054,,,
,0.102,,,,,-0.014,0.025,-0.055,,,
,0.098,,,,,-0.018,0.022,-0.054,,,
,0.096,,,,,-0.02,0.019,-0.055,,,
,0.093,,,,,-0.02,0.02,-0.054,,,
,0.09,,,,,-0.025,0.019,-0.055,,,
,0.088,,,,,-0.025,0.02,-0.054,,,
,0.085,,,,,-0.024,0.019,-0.054,,,
,0.083,,,,,-0.025,0.02,-0.056,,,
,0.08,,,,,-0.024,0.016,-0.06,,,
,0.077,,,,,-0.025,0.014,-0.059,,,
,0.074,,,,,-0.024,0.015,-0.06,,,
,0.076,,,,,-0.025,0.015,-0.059,,,
,0.1,,,,,-0.024,0.014,-0.06,,,
,0.1,,,,,-0.025,0.015,-0.059,,,
,0.099,,,,,-0.023,0.014,-0.062,,,
,0.1,,,,,-0.028,0.011,-0.065,,,
,0.099,,,,,-0.037,0.009,-0.064,,,
,0.095,,,,,-0.033,0.01,-0.065,,,
,0.094,,,,,-0.035,0.006,-0.065,,,
,0.095,,,,,-0.034,0.004,-0.064,,,
,0.095,,,,,-0.035,0.005,-0.065,,,
,0.092,,,,,-0.034,0.005,-0.064,,,
,0.088,,,,,-0.035,0.0,-0.079,,,
,0.09,,,,,-0.034,0.0,-0.085,,,
,0.089,,,,,-0.035,0.0,-0.084,,,
,0.09,,,,,-0.034,-0.004,-0.085,,,
,0.086,,,,,-0.035,-0.005,-0.084,,,
,0.084,,,,,-0.034,-0.004,-0.085,,,
,0.084,,,,,-0.035,-0.005,-0.084,,,
,0.085,,,,,-0.034,-0.01,-0.087,,,
,0.083,,,,,-0.039,-0.01,-0.09,,,
,0.08,,,,,-0.04,-0.009,-0.089,,,
,0.079,,,,,-0.039,-0.009,-0.089,,,
,0.08,,,,,-0.04,-0.01,-0.09,,,
,0.079,,,,,-0.04,-0.009,-0.089,,,
,0.076,,,,,-0.039,-0.01,-0.09,,,
,0.074,,,,,-0.039,-0.015,-0.086,,,
,0.075,,,,,-0.044,-0.014,-0.084,,,
,0.074,,,,,-0.045,-0.015,-0.085,,,
,0.075,,,,,-0.044,-0.015,-0.084,,,
,0.07,,,,,-0.045,-0.014,-0.085,,,
,0.07,,,,,-0.044,-0.015,-0.085,,,
,0.069,,,,,-0.044,-0.013,-0.08,,,
,0.068,,,,,-0.045,-0.01,-0.079,,,
,0.063,,,,,-0.05,-0.008,-0.08,,,
,0.067,,,,,-0.049,-0.004,-0.079,,,
,0.06,,,,,-0.05,-0.005,-0.08,,,
,0.088,,,,,-0.049,0.0,-0.078,,,
,0.069,,,,,-0.05,0.0,-0.075,,,
,0.1,,,,,-0.049,0.002,-0.073,,,
,0.143,,,,,-0.05,0.004,-0.069,,,
,0.13,,,,,-0.049,0.007,-0.07,,,
,0.138,,,,,-0.05,0.01,-0.065,,,
,0.132,,,,,-0.049,0.01,-0.065,,,
,0.137,,,,,-0.05,0.015,-0.062,,,
,0.132,,,,,-0.049,0.015,-0.06,,,
,0.137,,,,,-0.05,0.012,-0.057,,,
,0.176,,,,,-0.05,0.008,-0.054,,,
,0.17,,,,,-0.083,0.004,-0.054,,,
,0.146,,,,,-0.104,0.0,-0.049,,,
,0.188,,,,,-0.098,0.0,-0.05,,,
,0.189,,,,,-0.098,-0.005,-0.049,,,
,0.176,,,,,-0.093,-0.009,-0.05,,,
,0.166,,,,,-0.095,-0.013,-0.049,,,
,0.154,,,,,-0.088,-0.015,-0.05,,,
,0.133,,,,,-0.091,-0.01,-0.048,,,
,0.12,,,,,-0.086,-0.012,-0.058,,,
,0.099,,,,,-0.085,-0.021,-0.086,,,
,0.103,,,,,-0.081,-0.029,-0.09,,,
,0.115,,,,,-0.08,-0.036,-0.089,,,
,0.089,,,,,-0.079,-0.037,-0.092,,,
,0.071,,,,,-0.074,-0.052,-0.106,,,
,0.047,,,,,-0.075,-0.049,-0.104,,,
,0.036,,,,,-0.071,-0.05,-0.105,,,
,0.032,,,,,-0.069,-0.049,-0.104,,,
,0.029,,,,,-0.069,-0.05,-0.105,,,
,0.028,,,,,-0.064,-0.049,-0.104,,,
,0.022,,,,,-0.065,-0.05,-0.105,,,
,0.02,,,,,-0.064,-0.046,-0.104,,,
,0.018,,,,,-0.06,-0.044,-0.105,,,
,0.013,,,,,-0.059,-0.045,-0.104,,,
,0.01,,,,,-0.057,-0.044,-0.105,,,
,0.008,,,,,-0.053,-0.045,-0.104,,,
,0.004,,,,,-0.056,-0.044,-0.105,,,
,0.004,,,,,-0.05,-0.046,-0.104,,,
,-0.002,,,,,-0.038,-0.035,-0.097,,,
,-0.003,,,,,-0.027,-0.019,-0.086,,,
,-0.011,,,,,0.025,-0.001,-0.075,,,
,0.004,,,,,0.081,0.051,-0.021,,,
,0.033,,,,,0.089,0.11,0.048,,,
,0.062,,,,,0.08,0.25,0.192,,,
,0.097,,,,,0.064,0.405,0.428,,,
,0.194,,,,,0.031,0.458,0.631,,,
,0.314,,,,,-0.06,0.385,0.758,,,
,0.421,,,,,-0.222,0.191,0.823,,,
,0.614,,,,,-0.346,0.018,0.896,,,
,0.76,,,,,-0.456,-0.159,0.893,,,
,0.749,,,,,-0.578,-0.379,0.772,,,
,0.62,,,,,-0.757,-0.675,0.36,,,
,0.446,,,,,-0.861,-0.901,-0.123,,,
,0.325,,,,,-0.85,-0.952,-0.43,,,
,0.221,,,,,-0.753,-0.894,-0.651,,,
,0.138,,,,,-0.62,-0.759,-0.678,,,
,0.116,,,,,-0.448,-0.541,-0.579,,,
,0.101,,,,,-0.32,-0.344,-0.459,,,
,0.084,,,,,-0.211,-0.196,-0.315,,,
,0.072,,,,,-0.145,-0.098,-0.219,,,
,0.063,,,,,-0.122,-0.044,-0.161,,,
,0.056,,,,,-0.097,-0.036,-0.142,,,
,0.053,,,,,-0.083,-0.027,-0.123,,,
,0.045,,,,,-0.073,-0.021,-0.104,,,
,0.036,,,,,-0.062,-0.014,-0.091,,,
,0.033,,,,,-0.053,-0.003,-0.084,,,
,0.029,,,,,-0.05,0.003,-0.074,,,
,0.03,,,,,-0.048,0.012,-0.07,,,
,0.029,,,,,-0.044,0.018,-0.065,,,
,0.03,,,,,-0.042,0.02,-0.057,,,
,0.029,,,,,-0.039,0.019,-0.053,,,
,0.031,,,,,-0.036,0.036,-0.046,,,
,0.027,,,,,-0.034,0.045,-0.042,,,
,0.025,,,,,-0.031,0.044,-0.035,,,
,0.024,,,,,-0.029,0.044,-0.032,,,
,0.025,,,,,-0.026,0.045,-0.028,,,
,0.024,,,,,-0.023,0.043,-0.024,,,
,0.025,,,,,-0.02,0.053,-0.02,,,
,0.023,,,,,-0.019,0.063,-0.016,,,
,0.033,,,,,-0.017,0.058,-0.012,,,
,0.036,,,,,-0.013,0.06,-0.008,,,
,0.034,,,,,-0.015,0.059,-0.003,,,
,0.03,,,,,-0.014,0.066,0.0,,,
,0.03,,,,,-0.015,0.083,0.004,,,
,0.026,,,,,-0.014,0.091,0.012,,,
,0.024,,,,,-0.015,0.09,0.021,,,
,0.022,,,,,-0.011,0.097,0.025,,,
,0.019,,,,,-0.009,0.092,0.03,,,
,0.019,,,,,-0.01,0.12,0.055,,,
,0.014,,,,,-0.01,0.131,0.061,,,
,0.015,,,,,-0.009,0.133,0.077,,,
,0.017,,,,,-0.01,0.138,0.093,,,
,0.03,,,,,-0.009,0.163,0.112,,,
,0.069,,,,,-0.006,0.181,0.14,,,
,0.037,,,,,-0.004,0.193,0.151,,,
,0.089,,,,,-0.005,0.214,0.174,,,
,0.102,,,,,-0.004,0.225,0.192,,,
,0.098,,,,,-0.005,0.234,0.212,,,
,0.105,,,,,-0.004,0.258,0.239,,,
,0.111,,,,,-0.005,0.278,0.269,,,
,0.104,,,,,0.0,0.293,0.292,,,
,0.119,,,,,0.0,0.309,0.321,,,
,0.151,,,,,0.0,0.32,0.351,,,
,0.147,,,,,0.0,0.336,0.373,,,
,0.152,,,,,0.0,0.342,0.382,,,
,0.157,,,,,0.0,0.347,0.393,,,
,0.181,,,,,0.0,0.349,0.41,,,
,0.191,,,,,-0.005,0.343,0.412,,,
,0.199,,,,,-0.004,0.338,0.408,,,
,0.207,,,,,-0.005,0.335,0.404,,,
,0.2,,,,,-0.004,0.329,0.4,,,
,0.197,,,,,-0.005,0.323,0.396,,,
,0.192,,,,,-0.004,0.321,0.392,,,
,0.189,,,,,-0.005,0.307,0.388,,,
,0.182,,,,,-0.01,0.285,0.366,,,
,0.178,,,,,-0.009,0.266,0.342,,,
,0.174,,,,,-0.01,0.246,0.314,,,
,0.17,,,,,-0.009,0.219,0.279,,,
,0.161,,,,,-0.01,0.194,0.243,,,
,0.143,,,,,-0.009,0.171,0.208,,,
,0.128,,,,,-0.011,0.146,0.175,,,
,0.111,,,,,-0.015,0.123,0.144,,,
,0.091,,,,,-0.014,0.1,0.118,,,
,0.074,,,,,-0.015,0.085,0.096,,,
,0.059,,,,,-0.014,0.068,0.075,,,
,0.042,,,,,-0.015,0.054,0.053,,,
,0.031,,,,,-0.015,0.045,0.033,,,
,0.021,,,,,-0.014,0.038,0.015,,,
,0.009,,,,,-0.015,0.033,0.0,,,
,0.002,,,,,-0.014,0.027,-0.015,,,
,-0.002,,,,,-0.015,0.018,-0.035,,,
,-0.005,,,,,-0.014,0.014,-0.04,,,
,-0.01,,,,,-0.015,0.009,-0.039,,,
,-0.01,,,,,-0.014,0.009,-0.043,,,
,-0.016,,,,,-0.018,0.004,-0.045,,,
,-0.018,,,,,-0.02,0.005,-0.044,,,
,-0.024,,,,,-0.019,0.001,-0.045,,,
,-0.023,,,,,-0.02,0.0,-0.044,,,
,-0.048,,,,,-0.019,-0.001,-0.045,,,
,-0.042,,,,,-0.02,-0.004,-0.044,,,
,-0.03,,,,,-0.019,-0.006,-0.046,,,
,-0.015,,,,,-0.02,-0.01,-0.042,,,
,-0.022,,,,,-0.019,-0.009,-0.049,,,
,-0.073,,,,,-0.02,-0.014,-0.057,,,
,-0.068,,,,,-0.02,-0.015,-0.053,,,
,-0.066,,,,,-0.019,-0.013,-0.055,,,
,-0.063,,,,,-0.02,-0.009,-0.055,,,
,-0.061,,,,,-0.019,-0.01,-0.053,,,
,-0.055,,,,,,,,-0.089,-0.239,-0.348
,-0.055,,,,,,,,-0.087,-0.234,-0.344
,-0.05,,,,,,,,-0.084,-0.23,-0.34
,-0.046,,,,,,,,-0.081,-0.227,-0.336
,-0.044,,,,,,,,-0.079,-0.222,-0.332
,-0.041,,,,,,,,-0.076,-0.219,-0.328
,-0.039,,,,,,,,-0.074,-0.214,-0.325
,-0.036,,,,,,,,-0.07,-0.211,-0.323
,-0.034,,,,,,,,-0.07,-0.206,-0.32
,-0.033,,,,,,,,-0.068,-0.202,-0.318
,-0.028,,,,,,,,-0.064,-0.199,-0.314
,-0.03,,,,,,,,-0.065,-0.2,-0.312
,-0.024,,,,,,,,-0.064,-0.199,-0.309
,-0.025,,,,,,,,-0.065,-0.2,-0.307
,-0.024,,,,,,,,-0.064,-0.199,-0.304
,-0.021,,,,,,,,-0.065,-0.201,-0.301
,-0.019,,,,,,,,-0.061,-0.203,-0.299
,-0.018,,,,,,,,-0.059,-0.209,-0.296
,-0.014,,,,,,,,-0.06,-0.218,-0.293
,-0.015,,,,,,,,-0.059,-0.213,-0.29
,-0.013,,,,,,,,-0.059,-0.216,-0.289
,-0.007,,,,,,,,-0.06,-0.213,-0.287
,-0.008,,,,,,,,-0.059,-0.216,-0.284
,-0.011,,,,,,,,-0.063,-0.213,-0.285
,-0.014,,,,,,,,-0.065,-0.216,-0.279
,-0.015,,,,,,,,-0.064,-0.213,-0.279
,-0.017,,,,,,,,-0.065,-0.24,-0.274
,-0.021,,,,,,,,-0.064,-0.246,-0.275
,-0.021,,,,,,,,-0.065,-0.241,-0.271
,-0.026,,,,,,,,-0.064,-0.237,-0.27
,-0.022,,,,,,,,-0.065,-0.237,-0.269
,-0.021,,,,,,,,-0.064,-0.252,-0.264
,-0.017,,,,,,,,-0.065,-0.259,-0.265
,-0.016,,,,,,,,-0.064,-0.271,-0.261
,-0.008,,,,,,,,-0.065,-0.269,-0.259
,0.008,,,,,,,,-0.063,-0.27,-0.259
,-0.005,,,,,,,,-0.073,-0.269,-0.254
,-0.022,,,,,,,,-0.076,-0.27,-0.255
,-0.037,,,,,,,,-0.074,-0.269,-0.254
,-0.046,,,,,,,,-0.075,-0.27,-0.249
,-0.043,,,,,,,,-0.074,-0.269,-0.25
,-0.046,,,,,,,,-0.075,-0.27,-0.247
,-0.042,,,,,,,,-0.075,-0.269,-0.243
,-0.059,,,,,,,,-0.074,-0.27,-0.246
,-0.061,,,,,,,,-0.069,-0.27,-0.242
,-0.059,,,,,,,,-0.069,-0.269,-0.24
,-0.057,,,,,,,,-0.07,-0.27,-0.237
,-0.054,,,,,,,,-0.069,-0.265,-0.234
,-0.055,,,,,,,,-0.07,-0.264,-0.234
,-0.053,,,,,,,,-0.068,-0.26,-0.229
,-0.049,,,,,,,,-0.073,-0.26,-0.23
,-0.05,,,,,,,,-0.082,-0.256,-0.226
,-0.048,,,,,,,,-0.079,-0.254,-0.224
,-0.044,,,,,,,,-0.077,-0.254,-0.221
,-0.039,,,,,,,,-0.074,-0.249,-0.219
,-0.039,,,,,,,,-0.071,-0.249,-0.219
,-0.034,,,,,,,,-0.069,-0.244,-0.214
,-0.03,,,,,,,,-0.066,-0.245,-0.215
,-0.029,,,,,,,,-0.063,-0.241,-0.211
,-0.025,,,,,,,,-0.06,-0.239,-0.207
,-0.02,,,,,,,,-0.058,-0.239,-0.203
,-0.02,,,,,,,,-0.055,-0.234,-0.199
,-0.015,,,,,,,,-0.053,-0.231,-0.195
,-0.014,,,,,,,,-0.049,-0.226,-0.191
,-0.007,,,,,,,,-0.05,-0.222,-0.187
,0.0,,,,,,,,-0.045,-0.218,-0.183
,0.011,,,,,,,,-0.045,-0.214,-0.18
,0.026,,,,,,,,-0.043,-0.21,-0.174
,0.043,,,,,,,,-0.039,-0.207,-0.165
,0.059,,,,,,,,-0.039,-0.202,-0.158
,0.07,,,,,,,,-0.036,-0.195,-0.149
,0.069,,,,,,,,-0.034,-0.186,-0.144
,0.07,,,,,,,,-0.035,-0.179,-0.145
,0.068,,,,,,,,-0.031,-0.17,-0.144
,0.071,,,,,,,,-0.03,-0.17,-0.14
,0.067,,,,,,,,-0.028,-0.169,-0.139
,0.081,,,,,,,,-0.025,-0.17,-0.14
,0.075,,,,,,,,-0.024,-0.167,-0.138
,0.055,,,,,,,,-0.025,-0.165,-0.134
,0.041,,,,,,,,-0.029,-0.164,-0.135
,0.024,,,,,,,,-0.03,-0.165,-0.134
,0.017,,,,,,,,-0.027,-0.164,-0.129
,0.013,,,,,,,,-0.042,-0.18,-0.13
,0.007,,,,,,,,-0.046,-0.185,-0.128
,-0.001,,,,,,,,-0.055,-0.19,-0.134
,-0.02,,,,,,,,-0.069,-0.192,-0.143
,-0.037,,,,,,,,-0.075,-0.201,-0.15
,-0.059,,,,,,,,-0.079,-0.217,-0.16
,-0.066,,,,,,,,-0.077,-0.214,-0.162
,-0.083,,,,,,,,-0.074,-0.214,-0.167
,-0.076,,,,,,,,-0.075,-0.215,-0.169
,-0.082,,,,,,,,-0.074,-0.214,-0.17
,-0.103,,,,,,,,-0.075,-0.21,-0.17
,-0.129,,,,,,,,-0.074,-0.209,-0.169
,-0.117,,,,,,,,-0.075,-0.21,-0.17
,-0.105,,,,,,,,-0.07,-0.209,-0.169
,-0.096,,,,,,,,-0.07,-0.207,-0.173
,-0.09,,,,,,,,-0.069,-0.203,-0.175
,-0.086,,,,,,,,-0.07,-0.206,-0.174
,-0.09,,,,,,,,-0.069,-0.203,-0.175
,-0.129,,,,,,,,-0.07,-0.206,-0.174
,-0.144,,,,,,,,-0.069,-0.206,-0.175
,-0.128,,,,,,,,-0.059,-0.212,-0.174
,-0.11,,,,,,,,-0.042,-0.205,-0.173
,-0.1,,,,,,,,-0.011,-0.154,-0.153
,-0.062,,,,,,,,0.142,-0.037,-0.066
,0.003,,,,,,,,0.41,0.185,0.085
,0.085,,,,,,,,0.673,0.43,0.282
,0.196,,,,,,,,0.893,0.64,0.458
,0.358,,,,,,,,1.127,0.877,0.652
,0.524,,,,,,,,1.301,1.062,0.832
,0.679,,,,,,,,1.368,1.135,0.924
,0.661,,,,,,,,1.125,0.968,0.836
,0.528,,,,,,,,0.628,0.592,0.591
,0.362,,,,,,,,0.133,0.184,0.314
,0.22,,,,,,,,-0.162,-0.075,0.116
,0.154,,,,,,,,-0.354,-0.247,-0.004
,0.074,,,,,,,,-0.369,-0.281,-0.084
,0.025,,,,,,,,-0.307,-0.252,-0.115
,-0.008,,,,,,,,-0.265,-0.243,-0.13
,-0.017,,,,,,,,-0.188,-0.225,-0.12
,-0.044,,,,,,,,-0.135,-0.2,-0.122
,-0.056,,,,,,,,-0.103,-0.164,-0.116
,-0.093,,,,,,,,-0.094,-0.151,-0.117
,-0.065,,,,,,,,-0.073,-0.143,-0.111
,-0.097,,,,,,,,-0.066,-0.142,-0.111
,-0.111,,,,,,,,-0.057,-0.135,-0.105
,-0.116,,,,,,,,-0.057,-0.131,-0.105
,-0.15,,,,,,,,-0.05,-0.126,-0.1
,-0.142,,,,,,,,-0.048,-0.123,-0.1
,-0.142,,,,,,,,-0.042,-0.115,-0.095
,-0.138,,,,,,,,-0.04,-0.112,-0.095
,-0.136,,,,,,,,-0.034,-0.108,-0.093
,-0.133,,,,,,,,-0.032,-0.101,-0.089
,-0.13,,,,,,,,-0.026,-0.097,-0.084
,-0.128,,,,,,,,-0.024,-0.094,-0.081
,-0.125,,,,,,,,-0.019,-0.089,-0.076
,-0.123,,,,,,,,-0.019,-0.086,-0.073
,-0.12,,,,,,,,-0.013,-0.081,-0.068
,-0.118,,,,,,,,-0.011,-0.078,-0.065
,-0.114,,,,,,,,-0.008,-0.073,-0.06
,-0.115,,,,,,,,-0.005,-0.07,-0.057
,-0.11,,,,,,,,0.0,-0.065,-0.048
,-0.11,,,,,,,,0.0,-0.062,-0.044
,-0.109,,,,,,,,0.005,-0.055,-0.037
,-0.11,,,,,,,,0.005,-0.044,-0.033
,-0.109,,,,,,,,0.021,-0.037,-0.027
,-0.11,,,,,,,,0.031,-0.029,-0.023
,-0.109,,,,,,,,0.048,-0.02,-0.017
,-0.11,,,,,,,,0.054,-0.013,-0.012
,-0.109,,,,,,,,0.055,-0.004,-0.006
,-0.109,,,,,,,,0.054,0.0,0.0
,-0.11,,,,,,,,0.07,0.009,0.011
,-0.103,,,,,,,,0.078,0.019,0.021
,-0.092,,,,,,,,0.092,0.026,0.032
,-0.081,,,,,,,,0.124,0.035,0.049
,-0.071,,,,,,,,0.131,0.044,0.051
,-0.058,,,,,,,,0.156,0.08,0.065
,-0.041,,,,,,,,0.17,0.085,0.066
,-0.026,,,,,,,,0.199,0.113,0.092
,-0.01,,,,,,,,0.226,0.135,0.12
,-0.002,,,,,,,,0.247,0.142,0.126
,0.004,,,,,,,,0.277,0.161,0.14
,0.008,,,,,,,,0.3,0.192,0.161
,0.015,,,,,,,,0.321,0.209,0.174
,0.019,,,,,,,,0.343,0.231,0.191
,0.025,,,,,,,,0.359,0.241,0.204
,0.017,,,,,,,,0.371,0.26,0.212
,0.07,,,,,,,,0.407,0.297,0.246
,0.066,,,,,,,,0.414,0.305,0.249
,0.088,,,,,,,,0.426,0.308,0.265
,0.09,,,,,,,,0.425,0.313,0.265
,0.085,,,,,,,,0.441,0.332,0.281
,0.081,,,,,,,,0.436,0.329,0.279
,0.08,,,,,,,,0.432,0.329,0.275
,0.075,,,,,,,,0.426,0.33,0.27
,0.073,,,,,,,,0.414,0.322,0.267
,0.067,,,,,,,,0.384,0.3,0.262
,0.066,,,,,,,,0.357,0.281,0.259
,0.058,,,,,,,,0.329,0.261,0.241
,0.04,,,,,,,,0.296,0.236,0.224
,0.021,,,,,,,,0.257,0.202,0.209
,0.002,,,,,,,,0.226,0.175,0.191
,-0.016,,,,,,,,0.196,0.147,0.17
,-0.034,,,,,,,,0.168,0.124,0.151
,-0.054,,,,,,,,0.133,0.1,0.13
,-0.07,,,,,,,,0.106,0.084,0.113
,-0.087,,,,,,,,0.087,0.063,0.099
,-0.098,,,,,,,,0.072,0.046,0.086
,-0.118,,,,,,,,0.055,0.032,0.072
,-0.132,,,,,,,,0.045,0.025,0.066
,-0.128,,,,,,,,0.036,0.016,0.064
,-0.132,,,,,,,,0.033,0.008,0.065
,-0.142,,,,,,,,0.026,0.004,0.065
,-0.171,,,,,,,,0.023,0.003,0.063
,-0.188,,,,,,,,0.015,-0.001,0.059
,-0.182,,,,,,,,0.012,0.001,0.06
,-0.186,,,,,,,,0.008,-0.005,0.059
,-0.18,,,,,,,,0.011,-0.004,0.059
,-0.18,,,,,,,,0.007,-0.007,0.054
,-0.179,,,,,,,,0.005,-0.009,0.055
,-0.18,,,,,,,,0.004,-0.013,0.054
,-0.175,,,,,,,,0.005,-0.014,0.055
,-0.175,,,,,,,,0.001,-0.015,0.055
,-0.174,,,,,,,,0.0,-0.019,0.06
,-0.171,,,,,,,,0.0,-0.02,0.063
,-0.169,,,,,,,,-0.002,-0.016,0.068
,-0.17,,,,,,,,-0.005,-0.014,0.071
,-0.168,,,,,,,,-0.004,-0.011,0.077
,-0.165,,,,,,,,-0.005,-0.009,0.101
,-0.163,,,,,,,,0.0,-0.006,0.105
,-0.16,,,,,,,,0.0,-0.004,0.104
,-0.159,,,,,,,,0.0,-0.001,0.105
,-0.157,,,,,,,,0.0,0.001,0.104
,-0.154,,,,,,,,0.0,0.004,0.105
,-0.154,,,,,,,,0.0,0.006,0.104
,-0.148,,,,,,,,0.0,0.009,0.105
,-0.149,,,,,,,,0.004,0.011,0.104
,-0.143,,,,,,,,0.005,0.015,0.107
,-0.146,,,,,,,,0.004,0.014,0.116
,-0.139,,,,,,,,0.005,0.019,0.13
,-0.141,,,,,,,,0.004,0.027,0.129
,-0.136,,,,,,,,0.005,0.036,0.13
,-0.136,,,,,,,,0.005,0.04,0.128
,-0.132,,,,,,,,0.01,0.039,0.132
,-0.138,,,,,,,,0.013,0.04,0.135
,-0.127,,,,,,,,0.018,0.039,0.135
,-0.148,,,,,,,,0.018,0.04,0.134
,-0.182,,,,,,,,0.014,0.039,0.135
,-0.163,,,,,,,,0.015,0.04,0.14
,-0.155,,,,,,,,0.013,0.039,0.14
,-0.141,,,,,,,,0.01,0.043,0.139
,-0.144,,,,,,,,0.009,0.045,0.14
,-0.145,,,,,,,,0.01,0.044,0.139
,-0.143,,,,,,,,0.008,0.044,0.14
,-0.148,,,,,,,,0.004,0.045,0.139
,-0.158,,,,,,,,0.005,0.05,0.139
,-0.149,,,,,,,,0.003,0.049,0.159
,-0.147,,,,,,,,0.0,0.05,0.166
,-0.137,,,,,,,,0.0,0.049,0.164
,-0.171,,,,,,,,0.0,0.054,0.165
,-0.177,,,,,,,,0.003,0.055,0.164
,-0.173,,,,,,,,0.005,0.054,0.169
,-0.176,,,,,,,,0.007,0.055,0.169
,-0.172,,,,,,,,0.01,0.059,0.17
,-0.178,,,,,,,,0.005,0.064,0.169
,-0.168,,,,,,,,0.005,0.065,0.17
,-0.152,,,,,,,,0.004,0.076,0.183
,-0.199,,,,,,,,0.005,0.075,0.185
,-0.172,,,,,,,,0.002,0.073,0.184
,-0.163,,,,,,,,0.0,0.069,0.185
,-0.142,,,,,,,,0.0,0.07,0.184
,-0.151,,,,,,,,0.0,0.065,0.185
,-0.157,,,,,,,,0.0,0.065,0.184
,-0.173,,,,,,,,-0.005,0.062,0.185
,-0.189,,,,,,,,-0.005,0.06,0.184
,-0.182,,,,,,,,-0.004,0.057,0.185
,-0.186,,,,,,,,-0.005,0.054,0.184
,-0.18,,,,,,,,-0.004,0.054,0.185
,-0.18,,,,,,,,0.0,0.049,0.184
,-0.179,,,,,,,,0.0,0.049,0.184
,-0.18,,,,,,,,0.0,0.052,0.185
,-0.174,,,,,,,,0.004,0.061,0.184
,-0.175,,,,,,,,0.005,0.064,0.185
,-0.174,,,,,,,,0.004,0.066,0.183
,-0.171,,,,,,,,0.005,0.07,0.201
,-0.168,,,,,,,,0.01,0.072,0.211
,-0.171,,,,,,,,0.009,0.076,0.208
,-0.167,,,,,,,,0.01,0.074,0.21
,-0.166,,,,,,,,0.015,0.075,0.209
,-0.161,,,,,,,,0.014,0.074,0.21
,-0.163,,,,,,,,0.015,0.075,0.209
,-0.152,,,,,,,,0.013,0.074,0.21
,-0.183,,,,,,,,0.009,0.075,0.209
,-0.199,,,,,,,,0.01,0.074,0.211
,-0.192,,,,,,,,0.009,0.075,0.227
,-0.196,,,,,,,,0.01,0.074,0.231
,-0.194,,,,,,,,0.009,0.075,0.229
,-0.192,,,,,,,,0.01,0.073,0.23
,-0.189,,,,,,,,0.009,0.076,0.229
,-0.19,,,,,,,,0.01,0.072,0.23
,-0.19,,,,,,,,0.009,0.086,0.229
,-0.188,,,,,,,,0.01,0.1,0.23
,-0.171,,,,,,,,0.009,0.1,0.229
,-0.161,,,,,,,,0.01,0.105,0.231
,-0.145,,,,,,,,0.009,0.105,0.238
,-0.137,,,,,,,,0.013,0.104,0.252
,-0.128,,,,,,,,0.019,0.12,0.26
,-0.124,,,,,,,,0.023,0.125,0.267
,-0.118,,,,,,,,0.031,0.125,0.263
,-0.113,,,,,,,,0.033,0.123,0.265
,-0.107,,,,,,,,0.057,0.136,0.277
,-0.104,,,,,,,,0.07,0.151,0.291
,-0.105,,,,,,,,0.069,0.148,0.289
,-0.104,,,,,,,,0.07,0.15,0.296
,-0.105,,,,,,,,0.069,0.15,0.294
,-0.104,,,,,,,,0.07,0.156,0.301
,-0.105,,,,,,,,0.07,0.154,0.298
,-0.104,,,,,,,,0.065,0.154,0.3
,-0.105,,,,,,,,0.081,0.177,0.326
,-0.104,,,,,,,,0.075,0.173,0.324
,-0.105,,,,,,,,0.066,0.169,0.319
,-0.103,,,,,,,,0.063,0.165,0.316
,-0.107,,,,,,,,0.056,0.161,0.311
,-0.123,,,,,,,,0.047,0.157,0.308
,-0.125,,,,,,,,0.043,0.153,0.303
,-0.125,,,,,,,,0.032,0.141,0.3
,-0.155,,,,,,,,0.022,0.129,0.295
,-0.155,,,,,,,,0.01,0.117,0.292
,-0.177,,,,,,,,0.003,0.107,0.289
,-0.183,,,,,,,,0.0,0.104,0.29
,-0.192,,,,,,,,0.001,0.105,0.286
,-0.184,,,,,,,,-0.005,0.104,0.284
,-0.234,,,,,,,,-0.003,0.105,0.285
,-0.255,,,,,,,,-0.007,0.104,0.284
,-0.246,,,,,,,,-0.009,0.105,0.281
,-0.246,,,,,,,,-0.01,0.101,0.279
,-0.242,,,,,,,,-0.011,0.099,0.28
,-0.24,,,,,,,,-0.016,0.099,0.276
,-0.237,,,,,,,,-0.013,0.1,0.274
,-0.235,,,,,,,,-0.02,0.099,0.274
,-0.232,,,,,,,,-0.018,0.1,0.275
,-0.229,,,,,,,,-0.021,0.099,0.268
,-0.227,,,,,,,,-0.011,0.097,0.264
,-0.224,,,,,,,,-0.002,0.086,0.257
,-0.213,,,,,,,,0.015,0.084,0.256
,-0.191,,,,,,,,0.053,0.121,0.269
,-0.175,,,,,,,,0.198,0.247,0.355
,-0.102,,,,,,,,0.457,0.464,0.508
,-0.047,,,,,,,,0.702,0.688,0.674
,0.097,,,,,,,,0.924,0.919,0.866
,0.262,,,,,,,,1.167,1.166,1.072
,0.426,,,,,,,,1.317,1.331,1.235
,0.562,,,,,,,,1.387,1.411,1.335
,0.532,,,,,,,,1.155,1.237,1.235
,0.436,,,,,,,,0.677,0.864,1.003
,0.278,,,,,,,,0.201,0.48,0.746
,0.169,,,,,,,,-0.077,0.228,0.563
,0.042,,,,,,,,-0.264,0.086,0.449
,-0.016,,,,,,,,-0.277,0.021,0.404
,-0.071,,,,,,,,-0.232,0.041,0.392
,-0.102,,,,,,,,-0.19,0.055,0.363
,-0.132,,,,,,,,-0.117,0.072,0.35
,-0.139,,,,,,,,-0.055,0.104,0.343
,-0.148,,,,,,,,-0.027,0.132,0.346
,-0.167,,,,,,,,-0.021,0.128,0.343
,-0.176,,,,,,,,-0.002,0.131,0.346
,-0.192,,,,,,,,0.004,0.128,0.343
,-0.209,,,,,,,,0.012,0.134,0.346
,-0.202,,,,,,,,0.013,0.141,0.343
,-0.207,,,,,,,,0.02,0.145,0.346
,-0.2,,,,,,,,0.021,0.146,0.343
,-0.2,,,,,,,,0.028,0.152,0.346
,-0.199,,,,,,,,0.029,0.147,0.343
,-0.2,,,,,,,,0.036,0.161,0.346
,-0.195,,,,,,,,0.036,0.177,0.342
,-0.195,,,,,,,,0.052,0.173,0.354
,-0.194,,,,,,,,0.065,0.175,0.365
,-0.192,,,,,,,,0.064,0.174,0.365
,-0.188,,,,,,,,0.065,0.175,0.364
,-0.191,,,,,,,,0.064,0.174,0.365
,-0.189,,,,,,,,0.065,0.175,0.364
,-0.186,,,,,,,,0.064,0.174,0.365
,-0.18,,,,,,,,0.065,0.176,0.365
,-0.18,,,,,,,,0.063,0.178,0.382
,-0.175,,,,,,,,0.081,0.196,0.389
,-0.172,,,,,,,,0.085,0.2,0.395
,-0.168,,,,,,,,0.092,0.214,0.4
,-0.168,,,,,,,,0.11,0.22,0.409
,-0.161,,,,,,,,0.11,0.221,0.411
,-0.16,,,,,,,,0.117,0.225,0.417
,-0.156,,,,,,,,0.118,0.226,0.419
,-0.155,,,,,,,,0.123,0.231,0.425
,-0.151,,,,,,,,0.146,0.238,0.433
,-0.148,,,,,,,,0.149,0.246,0.441
,-0.143,,,,,,,,0.159,0.258,0.448
,-0.14,,,,,,,,0.177,0.284,0.464
,-0.135,,,,,,,,0.175,0.284,0.459
,-0.132,,,,,,,,0.196,0.293,0.481
,-0.125,,,,,,,,0.221,0.325,0.497
,-0.114,,,,,,,,0.243,0.333,0.505
,-0.101,,,,,,,,0.261,0.353,0.515
,-0.09,,,,,,,,0.282,0.359,0.53
,-0.076,,,,,,,,0.305,0.38,0.546
,-0.068,,,,,,,,0.331,0.407,0.564
,-0.055,,,,,,,,0.357,0.425,0.583
,-0.046,,,,,,,,0.369,0.44,0.591
,-0.038,,,,,,,,0.398,0.467,0.612
,-0.031,,,,,,,,0.409,0.483,0.627
,-0.023,,,,,,,,0.435,0.505,0.641
,-0.018,,,,,,,,0.464,0.527,0.663
,-0.014,,,,,,,,0.457,0.523,0.657
,-0.004,,,,,,,,0.478,0.546,0.679
,0.013,,,,,,,,0.497,0.569,0.703
,0.029,,,,,,,,0.494,0.561,0.696
,0.043,,,,,,,,0.491,0.56,0.694
,0.039,,,,,,,,0.489,0.558,0.689
,0.036,,,,,,,,0.473,0.552,0.685
,0.031,,,,,,,,0.456,0.55,0.682
,0.026,,,,,,,,0.441,0.544,0.677
,0.01,,,,,,,,0.423,0.523,0.674
,0.0,,,,,,,,0.395,0.503,0.669
,-0.017,,,,,,,,0.368,0.484,0.654
,-0.024,,,,,,,,0.339,0.46,0.635
,-0.055,,,,,,,,0.307,0.431,0.616
,-0.079,,,,,,,,0.278,0.404,0.599
,-0.068,,,,,,,,0.248,0.375,0.584
,-0.108,,,,,,,,0.215,0.347,0.567
,-0.142,,,,,,,,0.187,0.322,0.552
,-0.13,,,,,,,,0.166,0.306,0.536
,-0.135,,,,,,,,0.145,0.286,0.535
,-0.123,,,,,,,,0.123,0.268,0.531
,-0.17,,,,,,,,0.114,0.259,0.53
,-0.176,,,,,,,,0.108,0.259,0.526
,-0.153,,,,,,,,0.105,0.254,0.525
,-0.207,,,,,,,,0.1,0.255,0.52
,-0.203,,,,,,,,0.097,0.25,0.52
,-0.206,,,,,,,,0.089,0.249,0.515
,-0.203,,,,,,,,0.087,0.249,0.514
,-0.2,,,,,,,,0.082,0.244,0.509
,-0.199,,,,,,,,0.079,0.244,0.509
,-0.2,,,,,,,,0.074,0.239,0.504
,-0.197,,,,,,,,0.075,0.24,0.505
,-0.194,,,,,,,,0.074,0.236,0.507
,-0.195,,,,,,,,0.075,0.234,0.51
,-0.194,,,,,,,,0.074,0.235,0.509
,-0.189,,,,,,,,0.075,0.234,0.51
,-0.19,,,,,,,,0.072,0.235,0.509
,-0.189,,,,,,,,0.07,0.234,0.509
,-0.192,,,,,,,,0.069,0.235,0.51
,-0.195,,,,,,,,0.07,0.234,0.515
,-0.194,,,,,,,,0.069,0.235,0.514
,-0.208,,,,,,,,0.07,0.233,0.515
,-0.21,,,,,,,,0.069,0.236,0.515
,-0.209,,,,,,,,0.072,0.23,0.514
,-0.21,,,,,,,,0.075,0.258,0.535
,-0.21,,,,,,,,0.074,0.273,0.547
,-0.209,,,,,,,,0.076,0.268,0.543
,-0.21,,,,,,,,0.08,0.271,0.546
,-0.209,,,,,,,,0.079,0.268,0.544
,-0.21,,,,,,,,0.079,0.27,0.553
,-0.209,,,,,,,,0.074,0.268,0.552
,-0.21,,,,,,,,0.075,0.272,0.565
,-0.21,,,,,,,,0.074,0.274,0.571
,-0.209,,,,,,,,0.075,0.275,0.569
,-0.21,,,,,,,,0.074,0.274,0.569
,-0.207,,,,,,,,0.075,0.275,0.57
,-0.204,,,,,,,,0.074,0.274,0.569
,-0.202,,,,,,,,0.075,0.275,0.57
,-0.199,,,,,,,,0.074,0.275,0.569
,-0.199,,,,,,,,0.075,0.281,0.571
,-0.194,,,,,,,,0.074,0.277,0.568
,-0.196,,,,,,,,0.075,0.282,0.579
,-0.19,,,,,,,,0.075,0.293,0.594
,-0.19,,,,,,,,0.073,0.288,0.595
,-0.185,,,,,,,,0.069,0.29,0.594
,-0.185,,,,,,,,0.07,0.289,0.595
,-0.182,,,,,,,,0.069,0.288,0.594
,-0.18,,,,,,,,0.07,0.284,0.596
,-0.178,,,,,,,,0.069,0.285,0.599
,-0.182,,,,,,,,0.07,0.284,0.6
,-0.203,,,,,,,,0.066,0.285,0.599
,-0.199,,,,,,,,0.064,0.28,0.6
,-0.197,,,,,,,,0.064,0.28,0.598
,-0.194,,,,,,,,0.065,0.279,0.602
,-0.191,,,,,,,,0.064,0.279,0.604
,-0.189,,,,,,,,0.065,0.28,0.605
,-0.186,,,,,,,,0.064,0.297,0.604
,-0.183,,,,,,,,0.065,0.294,0.605
,-0.18,,,,,,,,0.064,0.295,0.604
,-0.178,,,,,,,,0.065,0.294,0.605
,-0.175,,,,,,,,0.064,0.295,0.604
,-0.173,,,,,,,,0.065,0.294,0.605
,-0.169,,,,,,,,0.064,0.295,0.604
,-0.17,,,,,,,,0.065,0.294,0.605
,-0.167,,,,,,,,0.064,0.295,0.615
,-0.204,,,,,,,,0.065,0.294,0.615
,-0.212,,,,,,,,0.064,0.295,0.614
,-0.208,,,,,,,,0.065,0.294,0.615
,-0.206,,,,,,,,0.064,0.295,0.614
,-0.203,,,,,,,,0.065,0.294,0.615
,-0.2,,,,,,,,0.064,0.292,0.611
,-0.197,,,,,,,,0.069,0.288,0.609
,-0.195,,,,,,,,0.069,0.291,0.61
,-0.192,,,,,,,,0.07,0.286,0.609
,-0.19,,,,,,,,0.069,0.286,0.61
,-0.187,,,,,,,,0.07,0.283,0.609
,-0.184,,,,,,,,0.069,0.292,0.624
,-0.182,,,,,,,,0.07,0.311,0.642
,-0.179,,,,,,,,0.074,0.308,0.638
,-0.18,,,,,,,,0.075,0.31,0.641
,-0.185,,,,,,,,0.074,0.309,0.638
,-0.183,,,,,,,,0.075,0.31,0.64
,-0.204,,,,,,,,0.074,0.309,0.639
,-0.213,,,,,,,,0.075,0.309,0.64
,-0.203,,,,,,,,0.073,0.31,0.639
,-0.204,,,,,,,,0.07,0.309,0.64
,-0.195,,,,,,,,0.069,0.31,0.639
,-0.196,,,,,,,,0.07,0.308,0.639
,-0.187,,,,,,,,0.069,0.316,0.645
,-0.189,,,,,,,,0.066,0.33,0.661
,-0.176,,,,,,,,0.064,0.329,0.658
,-0.199,,,,,,,,0.065,0.33,0.661
,-0.237,,,,,,,,0.064,0.329,0.658
,-0.214,,,,,,,,0.068,0.33,0.66
,-0.207,,,,,,,,0.088,0.329,0.659
,-0.19,,,,,,,,0.095,0.33,0.666
,-0.186,,,,,,,,0.094,0.329,0.663
,-0.183,,,,,,,,0.095,0.33,0.666
,-0.185,,,,,,,,0.094,0.335,0.663
,-0.18,,,,,,,,0.095,0.338,0.665
,-0.18,,,,,,,,0.094,0.343,0.666
,-0.179,,,,,,,,0.095,0.345,0.673
,-0.179,,,,,,,,0.094,0.348,0.674
,-0.174,,,,,,,,0.095,0.35,0.681
,-0.175,,,,,,,,0.094,0.353,0.678
,-0.174,,,,,,,,0.095,0.355,0.681
,-0.17,,,,,,,,0.094,0.354,0.678
,-0.169,,,,,,,,0.095,0.355,0.681
,-0.17,,,,,,,,0.096,0.359,0.678
,-0.168,,,,,,,,0.101,0.363,0.69
,-0.154,,,,,,,,0.104,0.367,0.696
,-0.137,,,,,,,,0.109,0.371,0.705
,-0.122,,,,,,,,0.112,0.379,0.718
,-0.113,,,,,,,,0.123,0.386,0.722
,-0.126,,,,,,,,0.124,0.391,0.725
,-0.124,,,,,,,,0.139,0.396,0.732
,-0.124,,,,,,,,0.145,0.411,0.745
,-0.125,,,,,,,,0.145,0.435,0.763
,-0.125,,,,,,,,0.144,0.434,0.757
,-0.124,,,,,,,,0.146,0.435,0.762
,-0.125,,,,,,,,0.148,0.434,0.757
,-0.125,,,,,,,,0.154,0.43,0.77
,-0.124,,,,,,,,0.163,0.43,0.776
,-0.125,,,,,,,,0.152,0.428,0.769
,-0.124,,,,,,,,0.149,0.424,0.765
,-0.125,,,,,,,,0.141,0.425,0.762
,-0.124,,,,,,,,0.138,0.422,0.758
,-0.125,,,,,,,,0.131,0.42,0.751
,-0.121,,,,,,,,0.126,0.419,0.747
,-0.119,,,,,,,,0.114,0.418,0.744
,-0.143,,,,,,,,0.107,0.403,0.739
,-0.16,,,,,,,,0.098,0.388,0.736
,-0.187,,,,,,,,0.091,0.371,0.734
,-0.187,,,,,,,,0.089,0.367,0.735
,-0.193,,,,,,,,0.089,0.37,0.734
,-0.185,,,,,,,,0.084,0.369,0.732
,-0.2,,,,,,,,0.085,0.37,0.728
,-0.23,,,,,,,,0.081,0.37,0.73
,-0.222,,,,,,,,0.079,0.375,0.729
,-0.222,,,,,,,,0.08,0.374,0.729
,-0.218,,,,,,,,0.076,0.374,0.724
,-0.216,,,,,,,,0.074,0.375,0.725
,-0.213,,,,,,,,0.074,0.373,0.724
,-0.21,,,,,,,,0.069,0.381,0.725
,-0.208,,,,,,,,0.07,0.387,0.725
,-0.205,,,,,,,,0.069,0.375,0.73
,-0.202,,,,,,,,0.07,0.37,0.729
,-0.2,,,,,,,,0.069,0.362,0.73
,-0.198,,,,,,,,0.073,0.366,0.73
,-0.19,,,,,,,,0.106,0.374,0.728
,-0.182,,,,,,,,0.19,0.448,0.757
,-0.147,,,,,,,,0.39,0.62,0.871
,-0.078,,,,,,,,0.655,0.856,1.042
,0.025,,,,,,,,0.875,1.071,1.214
,0.163,,,,,,,,1.106,1.296,1.397
,0.303,,,,,,,,1.303,1.501,1.588
,0.513,,,,,,,,1.431,1.65,1.734
,0.555,,,,,,,,1.373,1.621,1.733
,0.492,,,,,,,,0.992,1.327,1.569
,0.361,,,,,,,,0.487,0.93,1.317
,0.202,,,,,,,,0.117,0.603,1.084
,0.088,,,,,,,,-0.111,0.411,0.926
,0.006,,,,,,,,-0.226,0.296,0.809
,-0.045,,,,,,,,-0.181,0.288,0.795
,-0.114,,,,,,,,-0.144,0.279,0.792
,-0.125,,,,,,,,-0.078,0.311,0.792
,-0.143,,,,,,,,-0.009,0.345,0.788
,-0.156,,,,,,,,0.045,0.38,0.789
,-0.172,,,,,,,,0.061,0.393,0.782
,-0.171,,,,,,,,0.071,0.405,0.786
,-0.18,,,,,,,,0.073,0.393,0.777
,-0.213,,,,,,,,0.081,0.403,0.781
,-0.207,,,,,,,,0.096,0.42,0.771
,-0.212,,,,,,,,0.093,0.42,0.778
,-0.219,,,,,,,,0.096,0.418,0.767
,-0.222,,,,,,,,0.107,0.429,0.772
,-0.213,,,,,,,,0.129,0.448,0.768
,-0.214,,,,,,,,0.136,0.444,0.777
,-0.203,,,,,,,,0.134,0.445,0.773
,-0.197,,,,,,,,0.135,0.444,0.783
,-0.176,,,,,,,,0.134,0.445,0.778
,-0.208,,,,,,,,0.135,0.444,0.79
,-0.236,,,,,,,,0.134,0.445,0.788
,-0.215,,,,,,,,0.135,0.444,0.805
,-0.206,,,,,,,,0.135,0.445,0.811
,-0.19,,,,,,,,0.131,0.444,0.818
,-0.225,,,,,,,,0.134,0.445,0.811
,-0.221,,,,,,,,0.156,0.444,0.818
,-0.219,,,,,,,,0.153,0.445,0.81
,-0.22,,,,,,,,0.156,0.444,0.819
,-0.219,,,,,,,,0.153,0.445,0.81
,-0.22,,,,,,,,0.156,0.444,0.819
,-0.219,,,,,,,,0.153,0.445,0.81
,-0.22,,,,,,,,0.156,0.444,0.82
,-0.219,,,,,,,,0.153,0.445,0.809
,-0.22,,,,,,,,0.156,0.444,0.82
,-0.219,,,,,,,,0.153,0.445,0.809
,-0.22,,,,,,,,0.156,0.444,0.821
,-0.219,,,,,,,,0.153,0.445,0.808
,-0.22,,,,,,,,0.156,0.444,0.821
,-0.219,,,,,,,,0.153,0.445,0.807
,-0.22,,,,,,,,0.156,0.444,0.822
,-0.219,,,,,,,,0.153,0.445,0.806
,-0.22,,,,,,,,0.156,0.444,0.824
,-0.219,,,,,,,,0.152,0.445,0.804
,-0.22,,,,,,,,0.157,0.444,0.826
,-0.219,,,,,,,,0.152,0.445,0.802
,-0.22,,,,,,,,0.157,0.443,0.829
,-0.219,,,,,,,,0.151,0.446,0.798
,-0.221,,,,,,,,0.158,0.443,0.834
,-0.218,,,,,,,,0.15,0.446,0.79
,-0.221,,,,,,,,0.16,0.442,0.847
,-0.217,,,,,,,,0.146,0.448,0.767
,-0.225,,,,,,,,0.169,0.438,0.9
